country,year,indicator,sales_value,gdp,gdp_unit,sector_type
AL,2016,G47,65.85000000000001,10420.1,CLV10_MEUR,Total retail
AL,2016,G476,67.43333333333334,10420.1,CLV10_MEUR,Discretionary
AL,2017,G47,66.28333333333333,10762.2,CLV10_MEUR,Total retail
AL,2017,G476,87.4,10762.2,CLV10_MEUR,Discretionary
AL,2018,G47,69.15,11157.3,CLV10_MEUR,Total retail
AL,2018,G476,66.21666666666667,11157.3,CLV10_MEUR,Discretionary
AL,2019,G47,71.7,11387.4,CLV10_MEUR,Total retail
AL,2019,G476,80.55,11387.4,CLV10_MEUR,Discretionary
AL,2020,G47,103.875,11010.1,CLV10_MEUR,Total retail
AL,2020,G476,107.125,11010.1,CLV10_MEUR,Discretionary
AL,2021,G47,76.38333333333334,11997.6,CLV10_MEUR,Total retail
AL,2021,G476,75.33333333333333,11997.6,CLV10_MEUR,Discretionary
AL,2022,G47,86.11666666666667,12576.7,CLV10_MEUR,Total retail
AL,2022,G476,83.31666666666666,12576.7,CLV10_MEUR,Discretionary
AL,2023,G47,60.825,13081.7,CLV10_MEUR,Total retail
AL,2023,G476,71.13333333333334,13081.7,CLV10_MEUR,Discretionary
AL,2024,G47,65.425,13611.0,CLV10_MEUR,Total retail
AL,2024,G476,71.2,13611.0,CLV10_MEUR,Discretionary
AT,2016,G47,74.7125,316647.9,CLV10_MEUR,Total retail
AT,2016,G47_NF_HLTH,73.9375,316647.9,CLV10_MEUR,Essential retail
AT,2017,G47,76.775,323842.9,CLV10_MEUR,Total retail
AT,2017,G47_NF_HLTH,77.1375,323842.9,CLV10_MEUR,Essential retail
AT,2018,G47,67.11666666666666,331887.9,CLV10_MEUR,Total retail
AT,2018,G47_NF_HLTH,67.25,331887.9,CLV10_MEUR,Essential retail
AT,2019,G47,68.14999999999999,337712.4,CLV10_MEUR,Total retail
AT,2019,G47_NF_HLTH,67.60000000000001,337712.4,CLV10_MEUR,Essential retail
AT,2020,G47,101.15,316374.9,CLV10_MEUR,Total retail
AT,2020,G47_NF_HLTH,80.1,316374.9,CLV10_MEUR,Essential retail
AT,2021,G47,71.60000000000001,331950.3,CLV10_MEUR,Total retail
AT,2021,G476,100.1,331950.3,CLV10_MEUR,Discretionary
AT,2021,G47_NF_HLTH,77.45,331950.3,CLV10_MEUR,Essential retail
AT,2022,G47,88.9,349646.5,CLV10_MEUR,Total retail
AT,2022,G476,59.55,349646.5,CLV10_MEUR,Discretionary
AT,2022,G47_NF_HLTH,76.76666666666667,349646.5,CLV10_MEUR,Essential retail
AT,2023,G47,70.06666666666666,346897.4,CLV10_MEUR,Total retail
AT,2023,G476,72.33333333333333,346897.4,CLV10_MEUR,Discretionary
AT,2023,G47_NF_HLTH,69.06666666666666,346897.4,CLV10_MEUR,Essential retail
AT,2024,G47,53.1,344611.1,CLV10_MEUR,Total retail
AT,2024,G476,106.4,344611.1,CLV10_MEUR,Discretionary
AT,2025,G47,54.4,346733.0,CLV10_MEUR,Total retail
AT,2025,G476,104.65,346733.0,CLV10_MEUR,Discretionary
BA,2016,G47,62.71666666666667,14474.8,CLV10_MEUR,Total retail
BA,2017,G47,66.1,14944.3,CLV10_MEUR,Total retail
BA,2018,G47,73.75,15516.6,CLV10_MEUR,Total retail
BA,2019,G47,75.55,15964.3,CLV10_MEUR,Total retail
BA,2020,G47,100.55,15483.0,CLV10_MEUR,Total retail
BA,2021,G47,84.61666666666666,16627.5,CLV10_MEUR,Total retail
BA,2022,G47,98.06666666666666,17330.3,CLV10_MEUR,Total retail
BA,2023,G47,107.08333333333331,17675.9,CLV10_MEUR,Total retail
BA,2024,G47,73.0,18246.3,CLV10_MEUR,Total retail
BE,2016,G47,84.82857142857142,388931.6,CLV10_MEUR,Total retail
BE,2016,G476,93.825,388931.6,CLV10_MEUR,Discretionary
BE,2016,G47_NF_HLTH,79.0375,388931.6,CLV10_MEUR,Essential retail
BE,2017,G47,75.375,394666.3,CLV10_MEUR,Total retail
BE,2017,G476,66.58333333333333,394666.3,CLV10_MEUR,Discretionary
BE,2017,G47_NF_HLTH,89.32857142857142,394666.3,CLV10_MEUR,Essential retail
BE,2018,G47,64.75,402078.0,CLV10_MEUR,Total retail
BE,2018,G476,78.53999999999999,402078.0,CLV10_MEUR,Discretionary
BE,2018,G47_NF_HLTH,66.98333333333333,402078.0,CLV10_MEUR,Essential retail
BE,2019,G47,65.9,411900.3,CLV10_MEUR,Total retail
BE,2019,G476,66.53333333333333,411900.3,CLV10_MEUR,Discretionary
BE,2019,G47_NF_HLTH,67.64999999999999,411900.3,CLV10_MEUR,Essential retail
BE,2020,G47,67.58333333333333,392158.0,CLV10_MEUR,Total retail
BE,2020,G476,95.85,392158.0,CLV10_MEUR,Discretionary
BE,2020,G47_NF_HLTH,80.46000000000001,392158.0,CLV10_MEUR,Essential retail
BE,2021,G47,72.83333333333333,416685.4,CLV10_MEUR,Total retail
BE,2021,G476,72.83333333333333,416685.4,CLV10_MEUR,Discretionary
BE,2021,G47_NF_HLTH,72.85000000000001,416685.4,CLV10_MEUR,Essential retail
BE,2022,G47,86.0,433455.3,CLV10_MEUR,Total retail
BE,2022,G476,82.28,433455.3,CLV10_MEUR,Discretionary
BE,2022,G47_NF_HLTH,74.25,433455.3,CLV10_MEUR,Essential retail
BE,2023,G47,85.38,440222.7,CLV10_MEUR,Total retail
BE,2023,G476,81.03999999999999,440222.7,CLV10_MEUR,Discretionary
BE,2023,G47_NF_HLTH,77.78333333333333,440222.7,CLV10_MEUR,Essential retail
BE,2024,G47,66.8,445055.2,CLV10_MEUR,Total retail
BE,2024,G476,63.6,445055.2,CLV10_MEUR,Discretionary
BE,2024,G47_NF_HLTH,57.925,445055.2,CLV10_MEUR,Essential retail
BE,2025,G47,51.3,449430.7,CLV10_MEUR,Total retail
BE,2025,G476,51.375,449430.7,CLV10_MEUR,Discretionary
BE,2025,G47_NF_HLTH,61.275,449430.7,CLV10_MEUR,Essential retail
BG,2016,G47,81.1875,42121.4,CLV10_MEUR,Total retail
BG,2016,G47_NF_HLTH,87.8125,42121.4,CLV10_MEUR,Essential retail
BG,2017,G47,86.175,43278.0,CLV10_MEUR,Total retail
BG,2017,G47_NF_HLTH,92.2125,43278.0,CLV10_MEUR,Essential retail
BG,2018,G47,68.08333333333333,44286.5,CLV10_MEUR,Total retail
BG,2018,G47_NF_HLTH,65.7,44286.5,CLV10_MEUR,Essential retail
BG,2019,G47,73.16666666666667,45966.4,CLV10_MEUR,Total retail
BG,2019,G47_NF_HLTH,84.2,45966.4,CLV10_MEUR,Essential retail
BG,2020,G47,73.13333333333334,44526.2,CLV10_MEUR,Total retail
BG,2020,G47_NF_HLTH,81.96666666666667,44526.2,CLV10_MEUR,Essential retail
BG,2021,G47,85.69999999999999,48011.7,CLV10_MEUR,Total retail
BG,2021,G47_NF_HLTH,99.13333333333333,48011.7,CLV10_MEUR,Essential retail
BG,2022,G47,97.15,49972.5,CLV10_MEUR,Total retail
BG,2023,G47,99.76666666666668,50812.8,CLV10_MEUR,Total retail
BG,2024,G47,68.5,52533.9,CLV10_MEUR,Total retail
BG,2025,G47,73.275,54160.5,CLV10_MEUR,Total retail
CH,2016,G47,96.46666666666664,510306.7,CLV10_MEUR,Total retail
CH,2016,G476,95.45,510306.7,CLV10_MEUR,Discretionary
CH,2017,G47,73.55,517554.8,CLV10_MEUR,Total retail
CH,2017,G476,97.75,517554.8,CLV10_MEUR,Discretionary
CH,2018,G47,65.36666666666666,534776.1,CLV10_MEUR,Total retail
CH,2018,G476,96.8,534776.1,CLV10_MEUR,Discretionary
CH,2019,G47,66.01666666666667,540740.6,CLV10_MEUR,Total retail
CH,2019,G476,76.92,540740.6,CLV10_MEUR,Discretionary
CH,2020,G47,66.66666666666667,528545.5,CLV10_MEUR,Total retail
CH,2020,G476,90.85,528545.5,CLV10_MEUR,Discretionary
CH,2021,G47,70.7,561189.6,CLV10_MEUR,Total retail
CH,2021,G476,66.06666666666666,561189.6,CLV10_MEUR,Discretionary
CH,2022,G47,84.02000000000001,581023.8,CLV10_MEUR,Total retail
CH,2022,G476,71.31666666666666,581023.8,CLV10_MEUR,Discretionary
CH,2023,G47,83.14,585820.5,CLV10_MEUR,Total retail
CH,2023,G476,101.55,585820.5,CLV10_MEUR,Discretionary
CH,2024,G47,50.575,593965.3,CLV10_MEUR,Total retail
CH,2024,G476,104.2,593965.3,CLV10_MEUR,Discretionary
CH,2025,G47,51.6,601687.4,CLV10_MEUR,Total retail
CH,2025,G476,54.475,601687.4,CLV10_MEUR,Discretionary
CY,2016,G47,70.4875,19081.4,CLV10_MEUR,Total retail
CY,2017,G47,75.075,20178.7,CLV10_MEUR,Total retail
CY,2018,G47,70.78333333333333,21444.3,CLV10_MEUR,Total retail
CY,2019,G47,72.06666666666668,22704.3,CLV10_MEUR,Total retail
CY,2020,G47,104.075,21973.0,CLV10_MEUR,Total retail
CY,2021,G47,78.48333333333333,24477.4,CLV10_MEUR,Total retail
CY,2022,G47,83.56666666666666,26616.4,CLV10_MEUR,Total retail
CY,2023,G47,89.60000000000001,27580.0,CLV10_MEUR,Total retail
CY,2024,G47,63.825,28666.9,CLV10_MEUR,Total retail
CY,2025,G47,69.45,29748.6,CLV10_MEUR,Total retail
CZ,2016,G47,75.7875,177253.0,CLV10_MEUR,Total retail
CZ,2016,G476,66.10000000000001,177253.0,CLV10_MEUR,Discretionary
CZ,2016,G47_NF_HLTH,72.86666666666666,177253.0,CLV10_MEUR,Essential retail
CZ,2017,G47,81.6875,186423.3,CLV10_MEUR,Total retail
CZ,2017,G476,72.03333333333335,186423.3,CLV10_MEUR,Discretionary
CZ,2017,G47_NF_HLTH,76.35,186423.3,CLV10_MEUR,Essential retail
CZ,2018,G47,71.18333333333334,191699.7,CLV10_MEUR,Total retail
CZ,2018,G476,76.89999999999999,191699.7,CLV10_MEUR,Discretionary
CZ,2018,G47_NF_HLTH,59.5,191699.7,CLV10_MEUR,Essential retail
CZ,2019,G47,74.51666666666667,198535.3,CLV10_MEUR,Total retail
CZ,2019,G476,82.60000000000001,198535.3,CLV10_MEUR,Discretionary
CZ,2019,G47_NF_HLTH,61.975,198535.3,CLV10_MEUR,Essential retail
CZ,2020,G47,108.6,188003.2,CLV10_MEUR,Total retail
CZ,2020,G476,108.8,188003.2,CLV10_MEUR,Discretionary
CZ,2020,G47_NF_HLTH,62.075,188003.2,CLV10_MEUR,Essential retail
CZ,2021,G47,78.89999999999999,195577.9,CLV10_MEUR,Total retail
CZ,2021,G476,78.95,195577.9,CLV10_MEUR,Discretionary
CZ,2022,G47,97.72,201146.3,CLV10_MEUR,Total retail
CZ,2022,G476,96.26,201146.3,CLV10_MEUR,Discretionary
CZ,2023,G47,94.9,201242.0,CLV10_MEUR,Total retail
CZ,2023,G476,95.14,201242.0,CLV10_MEUR,Discretionary
CZ,2024,G47,55.8,203760.2,CLV10_MEUR,Total retail
CZ,2024,G476,68.23333333333333,203760.2,CLV10_MEUR,Discretionary
CZ,2025,G47,57.25,209018.2,CLV10_MEUR,Total retail
CZ,2025,G476,54.0,209018.2,CLV10_MEUR,Discretionary
DE,2016,G47,75.2625,2906299.4,CLV10_MEUR,Total retail
DE,2016,G476,82.71428571428571,2906299.4,CLV10_MEUR,Discretionary
DE,2016,G47_NF_HLTH,74.3,2906299.4,CLV10_MEUR,Essential retail
DE,2017,G47,78.9125,2987615.0,CLV10_MEUR,Total retail
DE,2017,G476,75.25,2987615.0,CLV10_MEUR,Discretionary
DE,2017,G47_NF_HLTH,76.33333333333333,2987615.0,CLV10_MEUR,Essential retail
DE,2018,G47,67.26666666666667,3021545.2,CLV10_MEUR,Total retail
DE,2018,G476,67.21666666666667,3021545.2,CLV10_MEUR,Discretionary
DE,2018,G47_NF_HLTH,57.4,3021545.2,CLV10_MEUR,Essential retail
DE,2019,G47,70.08333333333333,3051087.9,CLV10_MEUR,Total retail
DE,2019,G476,72.75,3051087.9,CLV10_MEUR,Discretionary
DE,2019,G47_NF_HLTH,60.725,3051087.9,CLV10_MEUR,Essential retail
DE,2020,G47,74.0,2925019.6,CLV10_MEUR,Total retail
DE,2020,G476,75.25,2925019.6,CLV10_MEUR,Discretionary
DE,2020,G47_NF_HLTH,61.175,2925019.6,CLV10_MEUR,Essential retail
DE,2021,G47,74.13333333333334,3039387.8,CLV10_MEUR,Total retail
DE,2021,G476,107.95,3039387.8,CLV10_MEUR,Discretionary
DE,2022,G47,92.98,3094378.2,CLV10_MEUR,Total retail
DE,2022,G476,82.23333333333333,3094378.2,CLV10_MEUR,Discretionary
DE,2023,G47,91.8,3067468.0,CLV10_MEUR,Total retail
DE,2023,G476,81.61666666666666,3067468.0,CLV10_MEUR,Discretionary
DE,2024,G47,53.425,3052257.9,CLV10_MEUR,Total retail
DE,2024,G476,107.2,3052257.9,CLV10_MEUR,Discretionary
DE,2025,G47,56.4,3058985.5,CLV10_MEUR,Total retail
DE,2025,G476,104.4,3058985.5,CLV10_MEUR,Discretionary
DK,2016,G47,83.35714285714286,266512.4,CLV10_MEUR,Total retail
DK,2016,G476,134.10000000000002,266512.4,CLV10_MEUR,Discretionary
DK,2016,G47_NF_HLTH,72.5625,266512.4,CLV10_MEUR,Essential retail
DK,2017,G47,73.625,274658.3,CLV10_MEUR,Total retail
DK,2017,G476,129.5,274658.3,CLV10_MEUR,Discretionary
DK,2017,G47_NF_HLTH,74.775,274658.3,CLV10_MEUR,Essential retail
DK,2018,G47,65.73333333333333,279767.0,CLV10_MEUR,Total retail
DK,2018,G476,66.45,279767.0,CLV10_MEUR,Discretionary
DK,2018,G47_NF_HLTH,67.26666666666667,279767.0,CLV10_MEUR,Essential retail
DK,2019,G47,78.7,284554.9,CLV10_MEUR,Total retail
DK,2019,G476,102.0,284554.9,CLV10_MEUR,Discretionary
DK,2019,G47_NF_HLTH,73.03333333333333,284554.9,CLV10_MEUR,Essential retail
DK,2020,G47,69.63333333333334,279489.5,CLV10_MEUR,Total retail
DK,2020,G476,56.375,279489.5,CLV10_MEUR,Discretionary
DK,2020,G47_NF_HLTH,72.98333333333333,279489.5,CLV10_MEUR,Essential retail
DK,2021,G47,72.03333333333333,297657.1,CLV10_MEUR,Total retail
DK,2021,G476,100.0,297657.1,CLV10_MEUR,Discretionary
DK,2021,G47_NF_HLTH,77.31666666666666,297657.1,CLV10_MEUR,Essential retail
DK,2022,G47,83.88,298978.2,CLV10_MEUR,Total retail
DK,2022,G476,95.55,298978.2,CLV10_MEUR,Discretionary
DK,2022,G47_NF_HLTH,82.38333333333333,298978.2,CLV10_MEUR,Essential retail
DK,2023,G47,84.9,300785.8,CLV10_MEUR,Total retail
DK,2023,G476,50.425,300785.8,CLV10_MEUR,Discretionary
DK,2024,G47,50.75,311246.6,CLV10_MEUR,Total retail
DK,2024,G476,64.86666666666666,311246.6,CLV10_MEUR,Discretionary
DK,2025,G47,54.175,320361.2,CLV10_MEUR,Total retail
DK,2025,G476,55.175,320361.2,CLV10_MEUR,Discretionary
EE,2016,G47,80.3875,18153.0,CLV10_MEUR,Total retail
EE,2016,G47_NF_HLTH,95.9,18153.0,CLV10_MEUR,Essential retail
EE,2017,G47,83.525,19175.9,CLV10_MEUR,Total retail
EE,2017,G47_NF_HLTH,108.66,19175.9,CLV10_MEUR,Essential retail
EE,2018,G47,65.3,19885.4,CLV10_MEUR,Total retail
EE,2018,G47_NF_HLTH,74.2,19885.4,CLV10_MEUR,Essential retail
EE,2019,G47,69.21666666666667,20626.4,CLV10_MEUR,Total retail
EE,2019,G47_NF_HLTH,72.2,20626.4,CLV10_MEUR,Essential retail
EE,2020,G47,70.7,20031.6,CLV10_MEUR,Total retail
EE,2020,G47_NF_HLTH,76.025,20031.6,CLV10_MEUR,Essential retail
EE,2021,G47,83.93333333333334,21685.2,CLV10_MEUR,Total retail
EE,2022,G47,90.91666666666669,21419.3,CLV10_MEUR,Total retail
EE,2023,G47,126.1,20831.5,CLV10_MEUR,Total retail
EE,2024,G47,103.6,20812.7,CLV10_MEUR,Total retail
EE,2025,G47,55.325,20934.3,CLV10_MEUR,Total retail
EL,2016,G47,86.55,181479.1,CLV10_MEUR,Total retail
EL,2016,G47_NF_HLTH,77.41666666666667,181479.1,CLV10_MEUR,Essential retail
EL,2017,G47,66.2375,184152.5,CLV10_MEUR,Total retail
EL,2017,G47_NF_HLTH,66.87142857142858,184152.5,CLV10_MEUR,Essential retail
EL,2018,G47,65.5,187954.7,CLV10_MEUR,Total retail
EL,2018,G47_NF_HLTH,84.025,187954.7,CLV10_MEUR,Essential retail
EL,2019,G47,65.95,192234.8,CLV10_MEUR,Total retail
EL,2019,G47_NF_HLTH,57.2,192234.8,CLV10_MEUR,Essential retail
EL,2020,G47,94.45,174556.4,CLV10_MEUR,Total retail
EL,2020,G47_NF_HLTH,72.43333333333334,174556.4,CLV10_MEUR,Essential retail
EL,2021,G47,73.53333333333333,189663.4,CLV10_MEUR,Total retail
EL,2021,G47_NF_HLTH,86.08333333333333,189663.4,CLV10_MEUR,Essential retail
EL,2022,G47,77.98333333333333,200136.6,CLV10_MEUR,Total retail
EL,2022,G47_NF_HLTH,90.76666666666668,200136.6,CLV10_MEUR,Essential retail
EL,2023,G47,73.3,204411.3,CLV10_MEUR,Total retail
EL,2023,G47_NF_HLTH,74.36666666666667,204411.3,CLV10_MEUR,Essential retail
EL,2024,G47,72.73333333333333,208676.5,CLV10_MEUR,Total retail
EL,2024,G47_NF_HLTH,60.975,208676.5,CLV10_MEUR,Essential retail
EL,2025,G47,56.95,213002.5,CLV10_MEUR,Total retail
EL,2025,G47_NF_HLTH,67.55,213002.5,CLV10_MEUR,Essential retail
ES,2016,G47,73.05,1114136.4,CLV10_MEUR,Total retail
ES,2016,G47_NF_HLTH,73.3625,1114136.4,CLV10_MEUR,Essential retail
ES,2017,G47,74.475,1146402.2,CLV10_MEUR,Total retail
ES,2017,G47_NF_HLTH,73.825,1146402.2,CLV10_MEUR,Essential retail
ES,2018,G47,69.03333333333333,1173863.3,CLV10_MEUR,Total retail
ES,2018,G47_NF_HLTH,68.6,1173863.3,CLV10_MEUR,Essential retail
ES,2019,G47,70.93333333333332,1196884.8,CLV10_MEUR,Total retail
ES,2019,G47_NF_HLTH,69.63333333333334,1196884.8,CLV10_MEUR,Essential retail
ES,2020,G47,97.825,1065944.8,CLV10_MEUR,Total retail
ES,2020,G47_NF_HLTH,101.675,1065944.8,CLV10_MEUR,Essential retail
ES,2021,G47,71.36666666666666,1137183.4,CLV10_MEUR,Total retail
ES,2021,G476,100.0,1137183.4,CLV10_MEUR,Discretionary
ES,2021,G47_NF_HLTH,71.28333333333333,1137183.4,CLV10_MEUR,Essential retail
ES,2022,G47,76.51666666666667,1209625.6,CLV10_MEUR,Total retail
ES,2022,G476,57.8,1209625.6,CLV10_MEUR,Discretionary
ES,2022,G47_NF_HLTH,77.08333333333333,1209625.6,CLV10_MEUR,Essential retail
ES,2023,G47,81.66666666666667,1239392.8,CLV10_MEUR,Total retail
ES,2023,G476,68.9,1239392.8,CLV10_MEUR,Discretionary
ES,2023,G47_NF_HLTH,91.18,1239392.8,CLV10_MEUR,Essential retail
ES,2024,G47,59.825,1282216.9,CLV10_MEUR,Total retail
ES,2024,G476,120.85,1282216.9,CLV10_MEUR,Discretionary
ES,2025,G47,63.575,1318439.0,CLV10_MEUR,Total retail
ES,2025,G476,61.75,1318439.0,CLV10_MEUR,Discretionary
FI,2016,G47,83.58571428571429,192657.0,CLV10_MEUR,Total retail
FI,2016,G476,41.95,192657.0,CLV10_MEUR,Discretionary
FI,2016,G47_NF_HLTH,77.2625,192657.0,CLV10_MEUR,Essential retail
FI,2017,G47,75.7,199021.1,CLV10_MEUR,Total retail
FI,2017,G476,41.25,199021.1,CLV10_MEUR,Discretionary
FI,2017,G47_NF_HLTH,72.28571428571429,199021.1,CLV10_MEUR,Essential retail
FI,2018,G47,66.18333333333334,201395.4,CLV10_MEUR,Total retail
FI,2018,G476,45.375,201395.4,CLV10_MEUR,Discretionary
FI,2018,G47_NF_HLTH,69.5,201395.4,CLV10_MEUR,Essential retail
FI,2019,G47,67.68333333333334,204113.7,CLV10_MEUR,Total retail
FI,2019,G476,44.55,204113.7,CLV10_MEUR,Discretionary
FI,2019,G47_NF_HLTH,73.53333333333333,204113.7,CLV10_MEUR,Essential retail
FI,2020,G47,70.93333333333332,199029.2,CLV10_MEUR,Total retail
FI,2020,G476,47.025,199029.2,CLV10_MEUR,Discretionary
FI,2020,G47_NF_HLTH,75.56666666666666,199029.2,CLV10_MEUR,Essential retail
FI,2021,G47,74.05,204355.9,CLV10_MEUR,Total retail
FI,2021,G476,55.25,204355.9,CLV10_MEUR,Discretionary
FI,2021,G47_NF_HLTH,78.33333333333333,204355.9,CLV10_MEUR,Essential retail
FI,2022,G47,87.72,205915.2,CLV10_MEUR,Total retail
FI,2022,G476,96.55,205915.2,CLV10_MEUR,Discretionary
FI,2022,G47_NF_HLTH,82.36666666666666,205915.2,CLV10_MEUR,Essential retail
FI,2023,G47,86.9,203259.5,CLV10_MEUR,Total retail
FI,2023,G476,90.15,203259.5,CLV10_MEUR,Discretionary
FI,2023,G47_NF_HLTH,84.0,203259.5,CLV10_MEUR,Essential retail
FI,2024,G47,98.65,204020.8,CLV10_MEUR,Total retail
FI,2024,G476,85.65,204020.8,CLV10_MEUR,Discretionary
FI,2025,G47,66.60000000000001,204374.7,CLV10_MEUR,Total retail
FI,2025,G476,82.95,204374.7,CLV10_MEUR,Discretionary
FR,2016,G47,76.275,2125471.2,CLV10_MEUR,Total retail
FR,2016,G476,64.08333333333333,2125471.2,CLV10_MEUR,Discretionary
FR,2016,G47_NF_HLTH,76.10000000000001,2125471.2,CLV10_MEUR,Essential retail
FR,2017,G47,79.65,2169757.8,CLV10_MEUR,Total retail
FR,2017,G476,67.15,2169757.8,CLV10_MEUR,Discretionary
FR,2017,G47_NF_HLTH,78.6625,2169757.8,CLV10_MEUR,Essential retail
FR,2018,G47,68.2,2205470.1,CLV10_MEUR,Total retail
FR,2018,G476,66.26666666666667,2205470.1,CLV10_MEUR,Discretionary
FR,2018,G47_NF_HLTH,67.01666666666667,2205470.1,CLV10_MEUR,Essential retail
FR,2019,G47,69.76666666666667,2250184.8,CLV10_MEUR,Total retail
FR,2019,G476,70.60000000000001,2250184.8,CLV10_MEUR,Discretionary
FR,2019,G47_NF_HLTH,69.8,2250184.8,CLV10_MEUR,Essential retail
FR,2020,G47,100.55,2082756.5,CLV10_MEUR,Total retail
FR,2020,G476,94.975,2082756.5,CLV10_MEUR,Discretionary
FR,2020,G47_NF_HLTH,70.46666666666667,2082756.5,CLV10_MEUR,Essential retail
FR,2021,G47,77.5,2226098.8,CLV10_MEUR,Total retail
FR,2021,G476,77.71666666666667,2226098.8,CLV10_MEUR,Discretionary
FR,2021,G47_NF_HLTH,80.63333333333334,2226098.8,CLV10_MEUR,Essential retail
FR,2022,G47,80.75,2286576.7,CLV10_MEUR,Total retail
FR,2022,G476,81.63333333333334,2286576.7,CLV10_MEUR,Discretionary
FR,2023,G47,96.28,2319485.4,CLV10_MEUR,Total retail
FR,2023,G476,57.25,2319485.4,CLV10_MEUR,Discretionary
FR,2024,G47,55.75,2347098.1,CLV10_MEUR,Total retail
FR,2024,G476,75.0,2347098.1,CLV10_MEUR,Discretionary
FR,2025,G47,57.55,2366836.1,CLV10_MEUR,Total retail
FR,2025,G476,57.275000000000006,2366836.1,CLV10_MEUR,Discretionary
HR,2016,G47,71.925,47211.3,CLV10_MEUR,Total retail
HR,2016,G47_NF_HLTH,60.7,47211.3,CLV10_MEUR,Essential retail
HR,2017,G47,76.0875,48761.7,CLV10_MEUR,Total retail
HR,2017,G47_NF_HLTH,64.88333333333334,48761.7,CLV10_MEUR,Essential retail
HR,2018,G47,68.55,50181.1,CLV10_MEUR,Total retail
HR,2018,G47_NF_HLTH,67.86666666666666,50181.1,CLV10_MEUR,Essential retail
HR,2019,G47,70.98333333333333,51737.5,CLV10_MEUR,Total retail
HR,2019,G47_NF_HLTH,75.18333333333334,51737.5,CLV10_MEUR,Essential retail
HR,2020,G47,99.375,47437.7,CLV10_MEUR,Total retail
HR,2020,G47_NF_HLTH,77.85000000000001,47437.7,CLV10_MEUR,Essential retail
HR,2021,G47,79.15,53430.1,CLV10_MEUR,Total retail
HR,2021,G47_NF_HLTH,82.48333333333333,53430.1,CLV10_MEUR,Essential retail
HR,2022,G47,83.45,57327.6,CLV10_MEUR,Total retail
HR,2022,G47_NF_HLTH,87.08333333333333,57327.6,CLV10_MEUR,Essential retail
HR,2023,G47,87.48333333333333,59484.0,CLV10_MEUR,Total retail
HR,2023,G47_NF_HLTH,99.1,59484.0,CLV10_MEUR,Essential retail
HR,2024,G47,67.7,61760.4,CLV10_MEUR,Total retail
HR,2024,G47_NF_HLTH,80.1,61760.4,CLV10_MEUR,Essential retail
HR,2025,G47,68.97500000000001,63861.9,CLV10_MEUR,Total retail
HR,2025,G47_NF_HLTH,80.425,63861.9,CLV10_MEUR,Essential retail
HU,2016,G47,76.3375,113168.3,CLV10_MEUR,Total retail
HU,2016,G47_NF_HLTH,80.58333333333333,113168.3,CLV10_MEUR,Essential retail
HU,2017,G47,82.3375,117835.6,CLV10_MEUR,Total retail
HU,2017,G47_NF_HLTH,87.53333333333335,117835.6,CLV10_MEUR,Essential retail
HU,2018,G47,71.81666666666666,124441.6,CLV10_MEUR,Total retail
HU,2018,G47_NF_HLTH,63.975,124441.6,CLV10_MEUR,Essential retail
HU,2019,G47,77.05,130759.7,CLV10_MEUR,Total retail
HU,2019,G47_NF_HLTH,67.9,130759.7,CLV10_MEUR,Essential retail
HU,2020,G47,90.84,125086.4,CLV10_MEUR,Total retail
HU,2020,G47_NF_HLTH,69.175,125086.4,CLV10_MEUR,Essential retail
HU,2021,G47,83.56666666666668,134121.3,CLV10_MEUR,Total retail
HU,2022,G47,96.31666666666666,139690.5,CLV10_MEUR,Total retail
HU,2023,G47,113.2,138549.1,CLV10_MEUR,Total retail
HU,2024,G47,60.85,139531.5,CLV10_MEUR,Total retail
HU,2025,G47,63.575,140242.5,CLV10_MEUR,Total retail
IE,2016,G47,106.825,238676.5,CLV10_MEUR,Total retail
IE,2016,G47_NF_HLTH,99.7,238676.5,CLV10_MEUR,Essential retail
IE,2017,G47,112.375,262804.0,CLV10_MEUR,Total retail
IE,2017,G47_NF_HLTH,104.325,262804.0,CLV10_MEUR,Essential retail
IE,2018,G47,111.15,283010.1,CLV10_MEUR,Total retail
IE,2018,G47_NF_HLTH,111.2,283010.1,CLV10_MEUR,Essential retail
IE,2019,G47,115.35,297083.9,CLV10_MEUR,Total retail
IE,2019,G47_NF_HLTH,116.45,297083.9,CLV10_MEUR,Essential retail
IE,2020,G47,117.9,318336.3,CLV10_MEUR,Total retail
IE,2020,G47_NF_HLTH,122.1,318336.3,CLV10_MEUR,Essential retail
IE,2021,G47,111.75,370092.1,CLV10_MEUR,Total retail
IE,2021,G47_NF_HLTH,115.575,370092.1,CLV10_MEUR,Essential retail
IE,2022,G47,82.68333333333332,397890.2,CLV10_MEUR,Total retail
IE,2022,G47_NF_HLTH,82.78333333333333,397890.2,CLV10_MEUR,Essential retail
IE,2023,G47,82.64999999999999,387798.2,CLV10_MEUR,Total retail
IE,2023,G47_NF_HLTH,85.98333333333333,387798.2,CLV10_MEUR,Essential retail
IE,2024,G47,56.875,397878.9,CLV10_MEUR,Total retail
IE,2024,G47_NF_HLTH,73.23333333333333,397878.9,CLV10_MEUR,Essential retail
IE,2025,G47,58.400000000000006,446967.6,CLV10_MEUR,Total retail
IE,2025,G47_NF_HLTH,57.725,446967.6,CLV10_MEUR,Essential retail
IT,2016,G47,98.35,1582615.3,CLV10_MEUR,Total retail
IT,2016,G476,70.41666666666667,1582615.3,CLV10_MEUR,Discretionary
IT,2016,G47_NF_HLTH,85.94285714285715,1582615.3,CLV10_MEUR,Essential retail
IT,2017,G47,74.825,1607995.7,CLV10_MEUR,Total retail
IT,2017,G476,83.46000000000001,1607995.7,CLV10_MEUR,Discretionary
IT,2017,G47_NF_HLTH,86.78571428571429,1607995.7,CLV10_MEUR,Essential retail
IT,2018,G47,79.82000000000001,1621288.1,CLV10_MEUR,Total retail
IT,2018,G476,102.6,1621288.1,CLV10_MEUR,Discretionary
IT,2018,G47_NF_HLTH,99.425,1621288.1,CLV10_MEUR,Essential retail
IT,2019,G47,67.21666666666667,1628246.1,CLV10_MEUR,Total retail
IT,2019,G476,82.4,1628246.1,CLV10_MEUR,Discretionary
IT,2019,G47_NF_HLTH,98.975,1628246.1,CLV10_MEUR,Essential retail
IT,2020,G47,92.625,1483849.6,CLV10_MEUR,Total retail
IT,2020,G476,86.6,1483849.6,CLV10_MEUR,Discretionary
IT,2020,G47_NF_HLTH,93.525,1483849.6,CLV10_MEUR,Essential retail
IT,2021,G47,70.46666666666667,1616373.2,CLV10_MEUR,Total retail
IT,2021,G476,70.18333333333334,1616373.2,CLV10_MEUR,Discretionary
IT,2021,G47_NF_HLTH,69.33333333333333,1616373.2,CLV10_MEUR,Essential retail
IT,2022,G47,71.3,1694301.4,CLV10_MEUR,Total retail
IT,2022,G476,68.58333333333333,1694301.4,CLV10_MEUR,Discretionary
IT,2022,G47_NF_HLTH,72.16666666666667,1694301.4,CLV10_MEUR,Essential retail
IT,2023,G47,84.5,1709936.3,CLV10_MEUR,Total retail
IT,2023,G476,80.06,1709936.3,CLV10_MEUR,Discretionary
IT,2023,G47_NF_HLTH,83.9,1709936.3,CLV10_MEUR,Essential retail
IT,2024,G47,69.63333333333334,1723325.8,CLV10_MEUR,Total retail
IT,2024,G476,101.05,1723325.8,CLV10_MEUR,Discretionary
IT,2025,G47,69.73333333333333,1732624.6,CLV10_MEUR,Total retail
IT,2025,G476,100.1,1732624.6,CLV10_MEUR,Discretionary
LT,2016,G47,80.375,34999.4,CLV10_MEUR,Total retail
LT,2016,G47_NF_HLTH,82.93333333333332,34999.4,CLV10_MEUR,Essential retail
LT,2017,G47,86.05,36613.6,CLV10_MEUR,Total retail
LT,2017,G47_NF_HLTH,83.33333333333333,36613.6,CLV10_MEUR,Essential retail
LT,2018,G47,70.18333333333334,38414.4,CLV10_MEUR,Total retail
LT,2018,G476,92.1,38414.4,CLV10_MEUR,Discretionary
LT,2018,G47_NF_HLTH,58.175,38414.4,CLV10_MEUR,Essential retail
LT,2019,G47,73.26666666666667,40211.2,CLV10_MEUR,Total retail
LT,2019,G476,69.89999999999999,40211.2,CLV10_MEUR,Discretionary
LT,2019,G47_NF_HLTH,71.925,40211.2,CLV10_MEUR,Essential retail
LT,2020,G47,73.71666666666667,40228.4,CLV10_MEUR,Total retail
LT,2020,G476,97.125,40228.4,CLV10_MEUR,Discretionary
LT,2020,G47_NF_HLTH,68.625,40228.4,CLV10_MEUR,Essential retail
LT,2021,G47,90.38333333333333,42801.0,CLV10_MEUR,Total retail
LT,2021,G476,85.75,42801.0,CLV10_MEUR,Discretionary
LT,2022,G47,98.55,43856.1,CLV10_MEUR,Total retail
LT,2022,G476,105.66,43856.1,CLV10_MEUR,Discretionary
LT,2023,G47,116.2,44180.5,CLV10_MEUR,Total retail
LT,2023,G476,76.73333333333333,44180.5,CLV10_MEUR,Discretionary
LT,2024,G47,61.25,45519.2,CLV10_MEUR,Total retail
LT,2024,G476,77.825,45519.2,CLV10_MEUR,Discretionary
LT,2025,G47,64.89999999999999,46848.4,CLV10_MEUR,Total retail
LT,2025,G476,74.05,46848.4,CLV10_MEUR,Discretionary
LU,2016,G47,70.51666666666667,49506.0,CLV10_MEUR,Total retail
LU,2017,G47,55.7,50158.0,CLV10_MEUR,Total retail
LU,2018,G47,44.5,50966.2,CLV10_MEUR,Total retail
LU,2019,G47,47.13333333333333,52367.4,CLV10_MEUR,Total retail
LU,2020,G47,53.54,52100.3,CLV10_MEUR,Total retail
LU,2021,G47,54.96,55710.8,CLV10_MEUR,Total retail
LU,2022,G47,58.17999999999999,55099.4,CLV10_MEUR,Total retail
LU,2023,G47,53.25,55154.2,CLV10_MEUR,Total retail
LU,2024,G47,73.775,55352.0,CLV10_MEUR,Total retail
LU,2025,G47,77.075,55705.0,CLV10_MEUR,Total retail
LV,2016,G47,79.7,21553.7,CLV10_MEUR,Total retail
LV,2017,G47,85.4,22286.3,CLV10_MEUR,Total retail
LV,2018,G47,72.06666666666666,23246.8,CLV10_MEUR,Total retail
LV,2019,G47,73.63333333333333,23403.8,CLV10_MEUR,Total retail
LV,2020,G47,73.7,22591.9,CLV10_MEUR,Total retail
LV,2021,G47,89.82000000000001,24160.3,CLV10_MEUR,Total retail
LV,2022,G47,87.68333333333334,24621.4,CLV10_MEUR,Total retail
LV,2023,G47,102.0,24389.6,CLV10_MEUR,Total retail
LV,2024,G47,57.6,24380.5,CLV10_MEUR,Total retail
LV,2025,G47,59.275000000000006,24901.8,CLV10_MEUR,Total retail
ME,2016,G47,84.89999999999999,3531.8,CLV10_MEUR,Total retail
ME,2016,G47_NF_HLTH,82.68333333333332,3531.8,CLV10_MEUR,Essential retail
ME,2017,G47,88.075,3645.4,CLV10_MEUR,Total retail
ME,2018,G47,65.85000000000001,3817.9,CLV10_MEUR,Total retail
ME,2019,G47,70.06666666666666,3985.7,CLV10_MEUR,Total retail
ME,2020,G47,80.67999999999999,3388.1,CLV10_MEUR,Total retail
ME,2021,G47,85.39999999999999,3830.1,CLV10_MEUR,Total retail
ME,2022,G47,102.91666666666669,4126.6,CLV10_MEUR,Total retail
ME,2023,G47,111.33333333333331,4393.9,CLV10_MEUR,Total retail
ME,2024,G47,79.05000000000001,4532.9,CLV10_MEUR,Total retail
ME,2025,G47,82.1,4657.4,CLV10_MEUR,Total retail
MK,2016,G47,66.18333333333334,8250.0,CLV10_MEUR,Total retail
MK,2017,G47,93.325,8339.3,CLV10_MEUR,Total retail
MK,2018,G47,74.33333333333333,8579.5,CLV10_MEUR,Total retail
MK,2019,G47,80.66666666666667,8915.0,CLV10_MEUR,Total retail
MK,2020,G47,102.5,8497.0,CLV10_MEUR,Total retail
MK,2021,G47,80.2,8880.3,CLV10_MEUR,Total retail
MK,2022,G47,87.35000000000001,9125.3,CLV10_MEUR,Total retail
MK,2023,G47,101.7,9358.4,CLV10_MEUR,Total retail
MK,2024,G47,61.075,9638.6,CLV10_MEUR,Total retail
MK,2025,G47,78.86666666666666,9974.7,CLV10_MEUR,Total retail
MT,2016,G47,75.15,9416.5,CLV10_MEUR,Total retail
MT,2017,G47,80.875,10637.9,CLV10_MEUR,Total retail
MT,2018,G47,71.71666666666667,11402.7,CLV10_MEUR,Total retail
MT,2019,G47,76.43333333333334,11868.5,CLV10_MEUR,Total retail
MT,2020,G47,104.675,11458.2,CLV10_MEUR,Total retail
MT,2021,G47,80.16666666666667,12987.9,CLV10_MEUR,Total retail
MT,2022,G47,89.83333333333333,13324.7,CLV10_MEUR,Total retail
MT,2023,G47,91.13333333333333,14741.6,CLV10_MEUR,Total retail
MT,2024,G47,64.775,15657.5,CLV10_MEUR,Total retail
MT,2025,G47,66.825,16277.8,CLV10_MEUR,Total retail
NL,2016,G47,71.525,688532.8,CLV10_MEUR,Total retail
NL,2016,G476,99.75,688532.8,CLV10_MEUR,Discretionary
NL,2016,G47_NF_HLTH,69.7,688532.8,CLV10_MEUR,Essential retail
NL,2017,G47,74.6375,707684.4,CLV10_MEUR,Total retail
NL,2017,G476,99.05,707684.4,CLV10_MEUR,Discretionary
NL,2017,G47_NF_HLTH,72.86666666666666,707684.4,CLV10_MEUR,Essential retail
NL,2018,G47,67.75,723669.1,CLV10_MEUR,Total retail
NL,2018,G476,98.45,723669.1,CLV10_MEUR,Discretionary
NL,2018,G47_NF_HLTH,72.3,723669.1,CLV10_MEUR,Essential retail
NL,2019,G47,69.16666666666667,740314.7,CLV10_MEUR,Total retail
NL,2019,G476,95.225,740314.7,CLV10_MEUR,Discretionary
NL,2019,G47_NF_HLTH,55.3,740314.7,CLV10_MEUR,Essential retail
NL,2020,G47,71.60000000000001,711679.3,CLV10_MEUR,Total retail
NL,2020,G476,68.38333333333334,711679.3,CLV10_MEUR,Discretionary
NL,2020,G47_NF_HLTH,107.05,711679.3,CLV10_MEUR,Essential retail
NL,2021,G47,74.64999999999999,756350.3,CLV10_MEUR,Total retail
NL,2021,G476,98.375,756350.3,CLV10_MEUR,Discretionary
NL,2022,G47,78.01666666666667,794222.5,CLV10_MEUR,Total retail
NL,2022,G476,74.61666666666666,794222.5,CLV10_MEUR,Discretionary
NL,2023,G47,94.2,789472.6,CLV10_MEUR,Total retail
NL,2023,G476,86.6,789472.6,CLV10_MEUR,Discretionary
NL,2024,G47,54.725,797950.2,CLV10_MEUR,Total retail
NL,2024,G476,56.625,797950.2,CLV10_MEUR,Discretionary
NL,2025,G47,55.95,812190.6,CLV10_MEUR,Total retail
NL,2025,G476,60.3,812190.6,CLV10_MEUR,Discretionary
NO,2016,G47,85.64285714285714,370275.6,CLV10_MEUR,Total retail
NO,2016,G476,75.67999999999999,370275.6,CLV10_MEUR,Discretionary
NO,2016,G47_NF_HLTH,78.6375,370275.6,CLV10_MEUR,Essential retail
NO,2017,G47,77.2,380160.7,CLV10_MEUR,Total retail
NO,2017,G476,63.28333333333333,380160.7,CLV10_MEUR,Discretionary
NO,2017,G47_NF_HLTH,80.3875,380160.7,CLV10_MEUR,Essential retail
NO,2018,G47,64.81666666666666,384381.9,CLV10_MEUR,Total retail
NO,2018,G476,75.84,384381.9,CLV10_MEUR,Discretionary
NO,2018,G47_NF_HLTH,67.16666666666667,384381.9,CLV10_MEUR,Essential retail
NO,2019,G47,77.86,390031.3,CLV10_MEUR,Total retail
NO,2019,G476,93.475,390031.3,CLV10_MEUR,Discretionary
NO,2019,G47_NF_HLTH,68.38333333333334,390031.3,CLV10_MEUR,Essential retail
NO,2020,G47,74.58333333333333,384724.6,CLV10_MEUR,Total retail
NO,2020,G476,74.11666666666666,384724.6,CLV10_MEUR,Discretionary
NO,2020,G47_NF_HLTH,72.01666666666667,384724.6,CLV10_MEUR,Essential retail
NO,2021,G47,74.01666666666667,400664.4,CLV10_MEUR,Total retail
NO,2021,G476,84.8,400664.4,CLV10_MEUR,Discretionary
NO,2021,G47_NF_HLTH,79.33333333333333,400664.4,CLV10_MEUR,Essential retail
NO,2022,G47,86.92,417013.1,CLV10_MEUR,Total retail
NO,2022,G476,98.575,417013.1,CLV10_MEUR,Discretionary
NO,2022,G47_NF_HLTH,88.8,417013.1,CLV10_MEUR,Essential retail
NO,2023,G47,87.06,418483.8,CLV10_MEUR,Total retail
NO,2023,G476,93.675,418483.8,CLV10_MEUR,Discretionary
NO,2024,G47,51.175,424441.9,CLV10_MEUR,Total retail
NO,2024,G476,87.85,424441.9,CLV10_MEUR,Discretionary
NO,2025,G47,55.025,429048.3,CLV10_MEUR,Total retail
NO,2025,G476,50.475,429048.3,CLV10_MEUR,Discretionary
PL,2016,G47,75.1625,434111.0,CLV10_MEUR,Total retail
PL,2016,G47_NF_HLTH,94.02,434111.0,CLV10_MEUR,Essential retail
PL,2017,G47,80.825,456478.4,CLV10_MEUR,Total retail
PL,2017,G47_NF_HLTH,90.91666666666669,456478.4,CLV10_MEUR,Essential retail
PL,2018,G47,70.03333333333333,484989.4,CLV10_MEUR,Total retail
PL,2018,G47_NF_HLTH,60.8,484989.4,CLV10_MEUR,Essential retail
PL,2019,G47,73.28333333333333,507204.1,CLV10_MEUR,Total retail
PL,2019,G47_NF_HLTH,60.275,507204.1,CLV10_MEUR,Essential retail
PL,2020,G47,74.61666666666666,496879.7,CLV10_MEUR,Total retail
PL,2020,G47_NF_HLTH,80.63333333333333,496879.7,CLV10_MEUR,Essential retail
PL,2021,G47,85.3,531299.4,CLV10_MEUR,Total retail
PL,2021,G476,104.1,531299.4,CLV10_MEUR,Discretionary
PL,2022,G47,99.7,559221.6,CLV10_MEUR,Total retail
PL,2022,G476,86.26,559221.6,CLV10_MEUR,Discretionary
PL,2023,G47,119.2,560617.5,CLV10_MEUR,Total retail
PL,2023,G476,98.15,560617.5,CLV10_MEUR,Discretionary
PL,2024,G47,80.23333333333333,578830.3,CLV10_MEUR,Total retail
PL,2024,G476,91.35,578830.3,CLV10_MEUR,Discretionary
PL,2025,G47,63.15,599853.0,CLV10_MEUR,Total retail
PL,2025,G476,90.15,599853.0,CLV10_MEUR,Discretionary
PT,2016,G47,70.5625,175327.8,CLV10_MEUR,Total retail
PT,2016,G476,62.46666666666666,175327.8,CLV10_MEUR,Discretionary
PT,2016,G47_NF_HLTH,68.5125,175327.8,CLV10_MEUR,Essential retail
PT,2017,G47,74.5875,181139.4,CLV10_MEUR,Total retail
PT,2017,G476,49.65,181139.4,CLV10_MEUR,Discretionary
PT,2017,G47_NF_HLTH,78.84,181139.4,CLV10_MEUR,Essential retail
PT,2018,G47,71.11666666666666,186476.3,CLV10_MEUR,Total retail
PT,2018,G476,50.425,186476.3,CLV10_MEUR,Discretionary
PT,2018,G47_NF_HLTH,79.76,186476.3,CLV10_MEUR,Essential retail
PT,2019,G47,73.13333333333334,191596.4,CLV10_MEUR,Total retail
PT,2019,G476,52.725,191596.4,CLV10_MEUR,Discretionary
PT,2019,G47_NF_HLTH,70.95,191596.4,CLV10_MEUR,Essential retail
PT,2020,G47,102.875,175876.6,CLV10_MEUR,Total retail
PT,2020,G476,90.15,175876.6,CLV10_MEUR,Discretionary
PT,2020,G47_NF_HLTH,98.9,175876.6,CLV10_MEUR,Essential retail
PT,2021,G47,75.05,185653.2,CLV10_MEUR,Total retail
PT,2021,G476,55.475,185653.2,CLV10_MEUR,Discretionary
PT,2021,G47_NF_HLTH,70.2,185653.2,CLV10_MEUR,Essential retail
PT,2022,G47,82.96666666666667,198622.6,CLV10_MEUR,Total retail
PT,2022,G476,67.4,198622.6,CLV10_MEUR,Discretionary
PT,2022,G47_NF_HLTH,78.88333333333334,198622.6,CLV10_MEUR,Essential retail
PT,2023,G47,83.08333333333333,204779.9,CLV10_MEUR,Total retail
PT,2023,G476,66.575,204779.9,CLV10_MEUR,Discretionary
PT,2023,G47_NF_HLTH,91.98,204779.9,CLV10_MEUR,Essential retail
PT,2024,G47,59.725,209314.9,CLV10_MEUR,Total retail
PT,2024,G476,65.375,209314.9,CLV10_MEUR,Discretionary
PT,2024,G47_NF_HLTH,58.85,209314.9,CLV10_MEUR,Essential retail
PT,2025,G47,63.900000000000006,213217.5,CLV10_MEUR,Total retail
PT,2025,G476,69.42500000000001,213217.5,CLV10_MEUR,Discretionary
PT,2025,G47_NF_HLTH,67.975,213217.5,CLV10_MEUR,Essential retail
RO,2016,G47,82.4125,151357.4,CLV10_MEUR,Total retail
RO,2016,G47_NF_HLTH,83.68571428571428,151357.4,CLV10_MEUR,Essential retail
RO,2017,G47,91.925,163761.8,CLV10_MEUR,Total retail
RO,2017,G47_NF_HLTH,73.9875,163761.8,CLV10_MEUR,Essential retail
RO,2018,G47,74.23333333333333,172596.0,CLV10_MEUR,Total retail
RO,2018,G47_NF_HLTH,66.98333333333333,172596.0,CLV10_MEUR,Essential retail
RO,2019,G47,80.64999999999999,179431.3,CLV10_MEUR,Total retail
RO,2019,G47_NF_HLTH,73.08333333333333,179431.3,CLV10_MEUR,Essential retail
RO,2020,G47,80.0,172975.3,CLV10_MEUR,Total retail
RO,2020,G47_NF_HLTH,75.46666666666667,172975.3,CLV10_MEUR,Essential retail
RO,2021,G47,94.43333333333334,182640.1,CLV10_MEUR,Total retail
RO,2021,G476,100.25,182640.1,CLV10_MEUR,Discretionary
RO,2021,G47_NF_HLTH,84.63333333333334,182640.1,CLV10_MEUR,Essential retail
RO,2022,G47,105.41666666666669,190288.5,CLV10_MEUR,Total retail
RO,2022,G476,71.2,190288.5,CLV10_MEUR,Discretionary
RO,2022,G47_NF_HLTH,96.4,190288.5,CLV10_MEUR,Essential retail
RO,2023,G47,108.46666666666668,194584.7,CLV10_MEUR,Total retail
RO,2023,G476,71.075,194584.7,CLV10_MEUR,Discretionary
RO,2023,G47_NF_HLTH,110.31666666666666,194584.7,CLV10_MEUR,Essential retail
RO,2024,G47,71.65,196367.1,CLV10_MEUR,Total retail
RO,2024,G476,74.72500000000001,196367.1,CLV10_MEUR,Discretionary
RO,2025,G47,69.65,197698.1,CLV10_MEUR,Total retail
RO,2025,G476,93.46666666666664,197698.1,CLV10_MEUR,Discretionary
RS,2016,G47,69.7125,33658.5,CLV10_MEUR,Total retail
RS,2017,G47,73.75,34454.0,CLV10_MEUR,Total retail
RS,2018,G47,67.43333333333334,36055.9,CLV10_MEUR,Total retail
RS,2019,G47,76.31666666666666,37768.6,CLV10_MEUR,Total retail
RS,2020,G47,77.1,37409.8,CLV10_MEUR,Total retail
RS,2021,G47,90.16666666666669,40383.5,CLV10_MEUR,Total retail
RS,2022,G47,102.56666666666666,41475.3,CLV10_MEUR,Total retail
RS,2023,G47,123.48,43029.8,CLV10_MEUR,Total retail
RS,2024,G47,66.85,44729.4,CLV10_MEUR,Total retail
RS,2025,G47,70.1,45637.6,CLV10_MEUR,Total retail
SE,2016,G47,110.025,421981.0,CLV10_MEUR,Total retail
SE,2016,G476,64.71666666666667,421981.0,CLV10_MEUR,Discretionary
SE,2016,G47_NF_HLTH,79.575,421981.0,CLV10_MEUR,Essential retail
SE,2017,G47,112.575,429926.2,CLV10_MEUR,Total retail
SE,2017,G476,76.22,429926.2,CLV10_MEUR,Discretionary
SE,2017,G47_NF_HLTH,81.0625,429926.2,CLV10_MEUR,Essential retail
SE,2018,G47,106.95,437536.9,CLV10_MEUR,Total retail
SE,2018,G476,66.45,437536.9,CLV10_MEUR,Discretionary
SE,2018,G47_NF_HLTH,70.68333333333334,437536.9,CLV10_MEUR,Essential retail
SE,2019,G47,109.65,448948.9,CLV10_MEUR,Total retail
SE,2019,G476,66.73333333333333,448948.9,CLV10_MEUR,Discretionary
SE,2019,G47_NF_HLTH,69.56666666666666,448948.9,CLV10_MEUR,Essential retail
SE,2020,G47,110.7,440267.2,CLV10_MEUR,Total retail
SE,2020,G476,69.33333333333333,440267.2,CLV10_MEUR,Discretionary
SE,2020,G47_NF_HLTH,71.85000000000001,440267.2,CLV10_MEUR,Essential retail
SE,2021,G47,118.45,463274.9,CLV10_MEUR,Total retail
SE,2021,G476,75.73333333333333,463274.9,CLV10_MEUR,Discretionary
SE,2021,G47_NF_HLTH,76.46666666666667,463274.9,CLV10_MEUR,Essential retail
SE,2022,G47,121.6,469091.0,CLV10_MEUR,Total retail
SE,2022,G476,103.825,469091.0,CLV10_MEUR,Discretionary
SE,2022,G47_NF_HLTH,79.28333333333333,469091.0,CLV10_MEUR,Essential retail
SE,2023,G47,110.725,468133.8,CLV10_MEUR,Total retail
SE,2023,G476,100.625,468133.8,CLV10_MEUR,Discretionary
SE,2023,G47_NF_HLTH,86.86666666666666,468133.8,CLV10_MEUR,Essential retail
SE,2024,G47,51.4,472898.5,CLV10_MEUR,Total retail
SE,2024,G476,89.4,472898.5,CLV10_MEUR,Discretionary
SE,2025,G47,54.35,480196.0,CLV10_MEUR,Total retail
SE,2025,G476,48.275,480196.0,CLV10_MEUR,Discretionary
SI,2016,G47,71.575,37879.1,CLV10_MEUR,Total retail
SI,2017,G47,79.3125,39839.1,CLV10_MEUR,Total retail
SI,2018,G47,71.63333333333334,41583.7,CLV10_MEUR,Total retail
SI,2019,G47,72.86666666666666,43041.3,CLV10_MEUR,Total retail
SI,2020,G47,95.85,41283.0,CLV10_MEUR,Total retail
SI,2021,G47,84.91666666666667,44757.8,CLV10_MEUR,Total retail
SI,2022,G47,98.26666666666668,45952.1,CLV10_MEUR,Total retail
SI,2023,G47,105.81999999999998,47043.9,CLV10_MEUR,Total retail
SI,2024,G47,72.73333333333333,47858.4,CLV10_MEUR,Total retail
SI,2025,G47,57.375,48365.7,CLV10_MEUR,Total retail
SK,2016,G47,73.6875,79400.3,CLV10_MEUR,Total retail
SK,2017,G47,80.6125,81682.8,CLV10_MEUR,Total retail
SK,2018,G47,71.33333333333333,85000.9,CLV10_MEUR,Total retail
SK,2019,G47,83.5,86935.4,CLV10_MEUR,Total retail
SK,2020,G47,70.33333333333333,84687.7,CLV10_MEUR,Total retail
SK,2021,G47,73.58333333333333,89477.5,CLV10_MEUR,Total retail
SK,2022,G47,84.36666666666666,89964.8,CLV10_MEUR,Total retail
SK,2023,G47,98.76,91865.4,CLV10_MEUR,Total retail
SK,2024,G47,61.875,93646.4,CLV10_MEUR,Total retail
SK,2025,G47,79.93333333333334,94402.5,CLV10_MEUR,Total retail
TR,2016,G47,82.0875,850000.6,CLV10_MEUR,Total retail
TR,2016,G476,33.3,850000.6,CLV10_MEUR,Discretionary
TR,2016,G47_NF_HLTH,79.0125,850000.6,CLV10_MEUR,Essential retail
TR,2017,G47,91.7625,916520.5,CLV10_MEUR,Total retail
TR,2017,G476,39.1,916520.5,CLV10_MEUR,Discretionary
TR,2017,G47_NF_HLTH,85.075,916520.5,CLV10_MEUR,Essential retail
TR,2018,G47,84.08,948306.8,CLV10_MEUR,Total retail
TR,2018,G476,41.025,948306.8,CLV10_MEUR,Discretionary
TR,2018,G47_NF_HLTH,77.41666666666667,948306.8,CLV10_MEUR,Essential retail
TR,2019,G47,89.7,960650.2,CLV10_MEUR,Total retail
TR,2019,G476,55.76666666666667,960650.2,CLV10_MEUR,Discretionary
TR,2019,G47_NF_HLTH,88.28333333333335,960650.2,CLV10_MEUR,Essential retail
TR,2020,G47,82.36666666666666,977971.3,CLV10_MEUR,Total retail
TR,2020,G476,50.6,977971.3,CLV10_MEUR,Discretionary
TR,2020,G47_NF_HLTH,96.46666666666664,977971.3,CLV10_MEUR,Essential retail
TR,2021,G47,113.03333333333336,1093480.4,CLV10_MEUR,Total retail
TR,2021,G476,67.225,1093480.4,CLV10_MEUR,Discretionary
TR,2021,G47_NF_HLTH,121.68333333333334,1093480.4,CLV10_MEUR,Essential retail
TR,2022,G47,208.28333333333333,1152979.2,CLV10_MEUR,Total retail
TR,2022,G476,128.6,1152979.2,CLV10_MEUR,Discretionary
TR,2022,G47_NF_HLTH,198.18333333333337,1152979.2,CLV10_MEUR,Essential retail
TR,2023,G47,330.96666666666664,1211148.4,CLV10_MEUR,Total retail
TR,2023,G476,182.875,1211148.4,CLV10_MEUR,Discretionary
TR,2023,G47_NF_HLTH,330.66666666666663,1211148.4,CLV10_MEUR,Essential retail
TR,2024,G47,226.85,1251450.8,CLV10_MEUR,Total retail
TR,2024,G476,242.425,1251450.8,CLV10_MEUR,Discretionary
TR,2025,G47,299.77500000000003,1296560.9,CLV10_MEUR,Total retail
TR,2025,G476,305.625,1296560.9,CLV10_MEUR,Discretionary
UK,2016,G47,74.68333333333334,2104891.5,CLV10_MEUR,Total retail
UK,2016,G47_NF_HLTH,79.86666666666666,2104891.5,CLV10_MEUR,Essential retail
UK,2017,G47,76.43333333333332,2141523.2,CLV10_MEUR,Total retail
UK,2017,G47_NF_HLTH,87.38333333333333,2141523.2,CLV10_MEUR,Essential retail
UK,2018,G47,57.025000000000006,2168347.7,CLV10_MEUR,Total retail
UK,2018,G47_NF_HLTH,78.92500000000001,2168347.7,CLV10_MEUR,Essential retail
UK,2019,G47,58.5,2198071.7,CLV10_MEUR,Total retail
UK,2019,G47_NF_HLTH,78.85000000000001,2198071.7,CLV10_MEUR,Essential retail
