country,year,sales_value,sales_unit,indicator
AL,2005,38.7,I15,G47
AL,2006,49.9,I15,G47
AL,2007,49.3,I15,G47
AL,2008,64.2,I15,G47
AL,2009,65.4,I15,G47
AL,2010,70.2,I15,G47
AL,2011,79.4,I15,G47
AL,2012,85.6,I15,G47
AL,2013,90.5,I15,G47
AL,2014,95.7,I15,G47
AL,2015,100.0,I15,G47
AL,2016,104.4,I15,G47
AL,2017,108.1,I15,G47
AL,2018,113.4,I15,G47
AL,2019,118.1,I15,G47
AL,2020,115.4,I15,G47
AL,2021,125.0,I15,G47
AL,2022,146.9,I15,G47
AL,2023,123.1,I21,G47
AL,2024,131.4,I21,G47
AL,2025,140.2,I21,G47
AL,2005,37.9,I15,G476
AL,2006,38.8,I15,G476
AL,2007,39.7,I15,G476
AL,2008,63.7,I15,G476
AL,2009,64.4,I15,G476
AL,2010,76.0,I15,G476
AL,2011,56.7,I15,G476
AL,2012,62.9,I15,G476
AL,2013,76.3,I15,G476
AL,2014,85.3,I15,G476
AL,2015,100.0,I15,G476
AL,2016,107.4,I15,G476
AL,2017,96.5,I15,G476
AL,2018,106.6,I15,G476
AL,2019,130.0,I15,G476
AL,2020,124.7,I15,G476
AL,2021,129.4,I15,G476
AL,2022,142.4,I15,G476
AL,2023,110.5,I21,G476
AL,2024,111.9,I21,G476
AL,2025,116.1,I21,G476
AT,2000,81.9,I10,G47
AT,2001,82.0,I10,G47
AT,2002,82.5,I10,G47
AT,2003,83.5,I10,G47
AT,2004,84.9,I10,G47
AT,2005,86.9,I10,G47
AT,2006,89.2,I10,G47
AT,2007,92.0,I10,G47
AT,2008,94.7,I10,G47
AT,2009,96.2,I10,G47
AT,2010,100.0,I10,G47
AT,2011,102.3,I10,G47
AT,2012,104.4,I10,G47
AT,2013,106.0,I10,G47
AT,2014,107.2,I10,G47
AT,2015,109.1,I10,G47
AT,2016,110.2,I10,G47
AT,2017,113.9,I10,G47
AT,2018,107.4,I15,G47
AT,2019,109.5,I15,G47
AT,2020,109.4,I15,G47
AT,2021,115.0,I15,G47
AT,2022,124.2,I15,G47
AT,2023,111.3,I21,G47
AT,2024,113.6,I21,G47
AT,2025,116.8,I21,G47
AT,2021,100.1,I21,G476
AT,2022,112.8,I21,G476
AT,2023,113.7,I21,G476
AT,2024,112.0,I21,G476
AT,2025,111.5,I21,G476
AT,2000,68.7,I10,G47_NF_HLTH
AT,2001,74.8,I10,G47_NF_HLTH
AT,2002,75.6,I10,G47_NF_HLTH
AT,2003,78.3,I10,G47_NF_HLTH
AT,2004,79.0,I10,G47_NF_HLTH
AT,2005,81.0,I10,G47_NF_HLTH
AT,2006,84.4,I10,G47_NF_HLTH
AT,2007,88.5,I10,G47_NF_HLTH
AT,2008,94.0,I10,G47_NF_HLTH
AT,2009,98.2,I10,G47_NF_HLTH
AT,2010,100.0,I10,G47_NF_HLTH
AT,2011,101.2,I10,G47_NF_HLTH
AT,2012,103.2,I10,G47_NF_HLTH
AT,2013,102.8,I10,G47_NF_HLTH
AT,2014,104.5,I10,G47_NF_HLTH
AT,2015,107.9,I10,G47_NF_HLTH
AT,2016,110.8,I10,G47_NF_HLTH
AT,2017,115.7,I10,G47_NF_HLTH
AT,2018,111.0,I15,G47_NF_HLTH
AT,2019,113.5,I15,G47_NF_HLTH
AT,2020,113.9,I15,G47_NF_HLTH
AT,2021,127.2,I15,G47_NF_HLTH
AT,2022,132.4,I15,G47_NF_HLTH
AT,2023,106.7,I21,G47_NF_HLTH
BA,2006,60.6,I15,G47
BA,2007,68.9,I15,G47
BA,2008,82.4,I15,G47
BA,2009,74.6,I15,G47
BA,2010,79.3,I15,G47
BA,2011,88.1,I15,G47
BA,2012,91.8,I15,G47
BA,2013,95.7,I15,G47
BA,2014,96.1,I15,G47
BA,2015,100.0,I15,G47
BA,2016,104.0,I15,G47
BA,2017,110.0,I15,G47
BA,2018,122.3,I15,G47
BA,2019,128.1,I15,G47
BA,2020,114.8,I15,G47
BA,2021,134.1,I15,G47
BA,2022,162.4,I15,G47
BA,2023,177.6,I15,G47
BA,2024,141.2,I21,G47
BE,1998,70.5,I10,G47
BE,1999,72.4,I10,G47
BE,2000,77.9,I10,G47
BE,2001,79.9,I10,G47
BE,2002,80.4,I10,G47
BE,2003,81.5,I10,G47
BE,2004,84.2,I10,G47
BE,2005,87.2,I10,G47
BE,2006,90.0,I10,G47
BE,2007,93.5,I10,G47
BE,2008,98.2,I10,G47
BE,2009,98.2,I10,G47
BE,2010,99.9,I10,G47
BE,2011,103.4,I10,G47
BE,2012,106.9,I10,G47
BE,2013,107.8,I10,G47
BE,2014,109.2,I10,G47
BE,2015,111.1,I10,G47
BE,2016,111.7,I10,G47
BE,2017,113.2,I10,G47
BE,2018,104.4,I15,G47
BE,2019,106.4,I15,G47
BE,2020,109.1,I15,G47
BE,2021,116.2,I15,G47
BE,2022,120.5,I15,G47
BE,2023,124.3,I15,G47
BE,2024,107.7,I21,G47
BE,2025,109.5,I21,G47
BE,2010,98.7,I15,G476
BE,2011,99.3,I15,G476
BE,2012,100.6,I15,G476
BE,2013,100.2,I15,G476
BE,2014,103.2,I15,G476
BE,2015,100.1,I15,G476
BE,2016,99.0,I15,G476
BE,2017,103.8,I15,G476
BE,2018,104.8,I15,G476
BE,2019,107.1,I15,G476
BE,2020,104.3,I15,G476
BE,2021,114.6,I15,G476
BE,2022,114.8,I15,G476
BE,2023,116.1,I15,G476
BE,2024,101.7,I21,G476
BE,2025,106.7,I21,G476
BE,1998,74.1,I10,G47_NF_HLTH
BE,1999,76.4,I10,G47_NF_HLTH
BE,2000,80.8,I10,G47_NF_HLTH
BE,2001,85.8,I10,G47_NF_HLTH
BE,2002,86.7,I10,G47_NF_HLTH
BE,2003,89.4,I10,G47_NF_HLTH
BE,2004,91.2,I10,G47_NF_HLTH
BE,2005,90.1,I10,G47_NF_HLTH
BE,2006,88.7,I10,G47_NF_HLTH
BE,2007,91.7,I10,G47_NF_HLTH
BE,2008,96.7,I10,G47_NF_HLTH
BE,2009,99.3,I10,G47_NF_HLTH
BE,2010,100.0,I10,G47_NF_HLTH
BE,2011,103.7,I10,G47_NF_HLTH
BE,2012,104.0,I10,G47_NF_HLTH
BE,2013,105.8,I10,G47_NF_HLTH
BE,2014,107.5,I10,G47_NF_HLTH
BE,2015,111.9,I10,G47_NF_HLTH
BE,2016,115.9,I10,G47_NF_HLTH
BE,2017,116.4,I10,G47_NF_HLTH
BE,2018,105.8,I15,G47_NF_HLTH
BE,2019,107.5,I15,G47_NF_HLTH
BE,2020,106.8,I15,G47_NF_HLTH
BE,2021,111.8,I15,G47_NF_HLTH
BE,2022,117.1,I15,G47_NF_HLTH
BE,2023,125.3,I15,G47_NF_HLTH
BE,2024,117.1,I21,G47_NF_HLTH
BE,2025,124.1,I21,G47_NF_HLTH
BG,2000,30.1,I10,G47
BG,2001,32.8,I10,G47
BG,2002,35.9,I10,G47
BG,2003,41.4,I10,G47
BG,2004,50.5,I10,G47
BG,2005,61.6,I10,G47
BG,2006,73.9,I10,G47
BG,2007,93.7,I10,G47
BG,2008,113.2,I10,G47
BG,2009,103.6,I10,G47
BG,2010,100.0,I10,G47
BG,2011,105.8,I10,G47
BG,2012,114.8,I10,G47
BG,2013,119.4,I10,G47
BG,2014,129.6,I10,G47
BG,2015,140.5,I10,G47
BG,2016,143.2,I10,G47
BG,2017,149.7,I10,G47
BG,2018,120.0,I15,G47
BG,2019,129.3,I15,G47
BG,2020,132.1,I15,G47
BG,2021,151.4,I15,G47
BG,2022,185.7,I15,G47
BG,2023,200.2,I15,G47
BG,2024,146.0,I21,G47
BG,2025,157.5,I21,G47
BG,2000,19.5,I10,G47_NF_HLTH
BG,2001,25.7,I10,G47_NF_HLTH
BG,2002,30.7,I10,G47_NF_HLTH
BG,2003,33.0,I10,G47_NF_HLTH
BG,2004,39.3,I10,G47_NF_HLTH
BG,2005,45.5,I10,G47_NF_HLTH
BG,2006,53.5,I10,G47_NF_HLTH
BG,2007,60.8,I10,G47_NF_HLTH
BG,2008,76.9,I10,G47_NF_HLTH
BG,2009,90.5,I10,G47_NF_HLTH
BG,2010,100.0,I10,G47_NF_HLTH
BG,2011,108.8,I10,G47_NF_HLTH
BG,2012,118.6,I10,G47_NF_HLTH
BG,2013,129.3,I10,G47_NF_HLTH
BG,2014,143.8,I10,G47_NF_HLTH
BG,2015,155.1,I10,G47_NF_HLTH
BG,2016,162.9,I10,G47_NF_HLTH
BG,2017,169.1,I10,G47_NF_HLTH
BG,2018,121.8,I15,G47_NF_HLTH
BG,2019,106.7,I15,G47_NF_HLTH
BG,2020,139.0,I15,G47_NF_HLTH
BG,2021,174.5,I15,G47_NF_HLTH
CH,2000,85.6,I10,G47
CH,2001,87.4,I10,G47
CH,2002,86.5,I10,G47
CH,2003,86.4,I10,G47
CH,2004,87.4,I10,G47
CH,2005,89.0,I10,G47
CH,2006,91.0,I10,G47
CH,2007,94.4,I10,G47
CH,2008,98.2,I10,G47
CH,2009,98.5,I10,G47
CH,2010,100.0,I10,G47
CH,2011,98.6,I10,G47
CH,2012,99.9,I10,G47
CH,2013,100.5,I10,G47
CH,2014,100.6,I10,G47
CH,2015,97.5,I10,G47
CH,2016,94.9,I10,G47
CH,2017,95.0,I10,G47
CH,2018,101.0,I15,G47
CH,2019,102.0,I15,G47
CH,2020,102.7,I15,G47
CH,2021,106.9,I15,G47
CH,2022,108.6,I15,G47
CH,2023,108.8,I15,G47
CH,2024,101.9,I21,G47
CH,2025,102.8,I21,G47
CH,2000,93.2,I10,G476
CH,2001,95.3,I10,G476
CH,2002,93.0,I10,G476
CH,2003,90.6,I10,G476
CH,2004,90.7,I10,G476
CH,2005,93.0,I10,G476
CH,2006,95.3,I10,G476
CH,2007,99.5,I10,G476
CH,2008,101.4,I10,G476
CH,2009,100.2,I10,G476
CH,2010,100.0,I10,G476
CH,2011,95.6,I10,G476
CH,2012,94.1,I10,G476
CH,2013,93.6,I10,G476
CH,2014,92.6,I10,G476
CH,2015,89.3,I10,G476
CH,2016,84.7,I10,G476
CH,2017,94.1,I15,G476
CH,2018,94.1,I15,G476
CH,2019,94.3,I15,G476
CH,2020,89.6,I15,G476
CH,2021,95.2,I15,G476
CH,2022,103.0,I15,G476
CH,2023,102.1,I15,G476
CH,2024,105.6,I21,G476
CH,2025,108.5,I21,G476
CY,2000,57.7,I10,G47
CY,2001,62.9,I10,G47
CY,2002,66.9,I10,G47
CY,2003,69.1,I10,G47
CY,2004,74.5,I10,G47
CY,2005,79.0,I10,G47
CY,2006,86.4,I10,G47
CY,2007,95.2,I10,G47
CY,2008,104.2,I10,G47
CY,2009,98.7,I10,G47
CY,2010,100.0,I10,G47
CY,2011,99.1,I10,G47
CY,2012,95.5,I10,G47
CY,2013,88.5,I10,G47
CY,2014,88.8,I10,G47
CY,2015,88.8,I10,G47
CY,2016,91.2,I10,G47
CY,2017,96.3,I10,G47
CY,2018,115.0,I15,G47
CY,2019,117.7,I15,G47
CY,2020,114.0,I15,G47
CY,2021,124.7,I15,G47
CY,2022,138.7,I15,G47
CY,2023,150.9,I15,G47
CY,2024,130.1,I21,G47
CY,2025,138.5,I21,G47
CZ,2000,68.8,I10,G47
CZ,2001,74.1,I10,G47
CZ,2002,72.4,I10,G47
CZ,2003,76.4,I10,G47
CZ,2004,81.1,I10,G47
CZ,2005,86.6,I10,G47
CZ,2006,93.0,I10,G47
CZ,2007,100.2,I10,G47
CZ,2008,106.3,I10,G47
CZ,2009,100.6,I10,G47
CZ,2010,100.0,I10,G47
CZ,2011,102.5,I10,G47
CZ,2012,102.6,I10,G47
CZ,2013,102.3,I10,G47
CZ,2014,105.7,I10,G47
CZ,2015,109.7,I10,G47
CZ,2016,113.7,I10,G47
CZ,2017,123.0,I10,G47
CZ,2018,118.9,I15,G47
CZ,2019,125.3,I15,G47
CZ,2020,125.3,I15,G47
CZ,2021,135.4,I15,G47
CZ,2022,150.0,I15,G47
CZ,2023,152.4,I15,G47
CZ,2024,117.7,I21,G47
CZ,2025,122.4,I21,G47
CZ,2000,51.7,I15,G476
CZ,2001,58.1,I15,G476
CZ,2002,57.1,I15,G476
CZ,2003,57.5,I15,G476
CZ,2004,60.0,I15,G476
CZ,2005,63.8,I15,G476
CZ,2006,70.7,I15,G476
CZ,2007,77.2,I15,G476
CZ,2008,82.0,I15,G476
CZ,2009,81.1,I15,G476
CZ,2010,80.2,I15,G476
CZ,2011,81.9,I15,G476
CZ,2012,83.9,I15,G476
CZ,2013,84.6,I15,G476
CZ,2014,89.4,I15,G476
CZ,2015,100.0,I15,G476
CZ,2016,109.4,I15,G476
CZ,2017,119.7,I15,G476
CZ,2018,128.6,I15,G476
CZ,2019,138.3,I15,G476
CZ,2020,125.0,I15,G476
CZ,2021,136.9,I15,G476
CZ,2022,148.2,I15,G476
CZ,2023,151.5,I15,G476
CZ,2024,109.7,I21,G476
CZ,2025,112.8,I21,G476
CZ,2000,57.0,I10,G47_NF_HLTH
CZ,2001,64.1,I10,G47_NF_HLTH
CZ,2002,62.9,I10,G47_NF_HLTH
CZ,2003,71.1,I10,G47_NF_HLTH
CZ,2004,75.9,I10,G47_NF_HLTH
CZ,2005,85.0,I10,G47_NF_HLTH
CZ,2006,85.2,I10,G47_NF_HLTH
CZ,2007,94.2,I10,G47_NF_HLTH
CZ,2008,95.8,I10,G47_NF_HLTH
CZ,2009,101.3,I10,G47_NF_HLTH
CZ,2010,100.0,I10,G47_NF_HLTH
CZ,2011,102.6,I10,G47_NF_HLTH
CZ,2012,104.5,I10,G47_NF_HLTH
CZ,2013,101.6,I10,G47_NF_HLTH
CZ,2014,102.7,I10,G47_NF_HLTH
CZ,2015,110.3,I10,G47_NF_HLTH
CZ,2016,114.8,I10,G47_NF_HLTH
CZ,2017,121.0,I10,G47_NF_HLTH
CZ,2018,117.0,I15,G47_NF_HLTH
CZ,2019,124.1,I15,G47_NF_HLTH
CZ,2020,128.0,I15,G47_NF_HLTH
DE,1994,93.9,I10,G47
DE,1995,95.4,I10,G47
DE,1996,95.4,I10,G47
DE,1997,94.5,I10,G47
DE,1998,95.1,I10,G47
DE,1999,95.5,I10,G47
DE,2000,97.7,I10,G47
DE,2001,99.0,I10,G47
DE,2002,96.9,I10,G47
DE,2003,96.0,I10,G47
DE,2004,97.6,I10,G47
DE,2005,99.5,I10,G47
DE,2006,100.7,I10,G47
DE,2007,99.2,I10,G47
DE,2008,101.0,I10,G47
DE,2009,97.6,I10,G47
DE,2010,99.9,I10,G47
DE,2011,102.6,I10,G47
DE,2012,104.6,I10,G47
DE,2013,106.4,I10,G47
DE,2014,108.0,I10,G47
DE,2015,112.1,I10,G47
DE,2016,114.8,I10,G47
DE,2017,120.6,I10,G47
DE,2018,110.7,I15,G47
DE,2019,115.0,I15,G47
DE,2020,121.4,I15,G47
DE,2021,124.7,I15,G47
DE,2022,134.4,I15,G47
DE,2023,137.7,I15,G47
DE,2024,113.1,I21,G47
DE,2025,117.9,I21,G47
DE,1994,99.0,I10,G476
DE,1995,102.2,I10,G476
DE,1996,101.1,I10,G476
DE,1997,97.2,I10,G476
DE,1998,98.9,I10,G476
DE,1999,101.8,I10,G476
DE,2000,104.9,I10,G476
DE,2001,104.6,I10,G476
DE,2002,100.7,I10,G476
DE,2003,96.0,I10,G476
DE,2004,97.8,I10,G476
DE,2005,99.9,I10,G476
DE,2006,96.8,I10,G476
DE,2007,98.2,I10,G476
DE,2008,97.9,I10,G476
DE,2009,98.0,I10,G476
DE,2010,100.0,I10,G476
DE,2011,101.1,I10,G476
DE,2012,100.7,I10,G476
DE,2013,99.9,I10,G476
DE,2014,100.9,I10,G476
DE,2015,102.9,I10,G476
DE,2016,105.1,I10,G476
DE,2017,109.4,I10,G476
DE,2018,109.5,I15,G476
DE,2019,117.4,I15,G476
DE,2020,123.9,I15,G476
DE,2021,122.1,I15,G476
DE,2022,137.3,I15,G476
DE,2023,142.3,I15,G476
DE,2024,111.9,I21,G476
DE,2025,109.1,I21,G476
DE,1994,55.3,I10,G47_NF_HLTH
DE,1995,59.0,I10,G47_NF_HLTH
DE,1996,61.4,I10,G47_NF_HLTH
DE,1997,63.1,I10,G47_NF_HLTH
DE,1998,66.4,I10,G47_NF_HLTH
DE,1999,71.2,I10,G47_NF_HLTH
DE,2000,74.7,I10,G47_NF_HLTH
DE,2001,79.3,I10,G47_NF_HLTH
DE,2002,81.7,I10,G47_NF_HLTH
DE,2003,83.9,I10,G47_NF_HLTH
DE,2004,83.8,I10,G47_NF_HLTH
DE,2005,87.5,I10,G47_NF_HLTH
DE,2006,89.7,I10,G47_NF_HLTH
DE,2007,91.6,I10,G47_NF_HLTH
DE,2008,93.8,I10,G47_NF_HLTH
DE,2009,96.2,I10,G47_NF_HLTH
DE,2010,100.0,I10,G47_NF_HLTH
DE,2011,100.3,I10,G47_NF_HLTH
DE,2012,100.7,I10,G47_NF_HLTH
DE,2013,103.4,I10,G47_NF_HLTH
DE,2014,110.7,I10,G47_NF_HLTH
DE,2015,116.6,I10,G47_NF_HLTH
DE,2016,121.4,I10,G47_NF_HLTH
DE,2017,125.8,I10,G47_NF_HLTH
DE,2018,112.5,I15,G47_NF_HLTH
DE,2019,118.7,I15,G47_NF_HLTH
DE,2020,122.9,I15,G47_NF_HLTH
DK,2000,77.5,I10,G47
DK,2001,79.3,I10,G47
DK,2002,83.1,I10,G47
DK,2003,86.2,I10,G47
DK,2004,89.9,I10,G47
DK,2005,95.4,I10,G47
DK,2006,100.3,I10,G47
DK,2007,103.1,I10,G47
DK,2008,103.6,I10,G47
DK,2009,100.2,I10,G47
DK,2010,100.0,I10,G47
DK,2011,100.1,I10,G47
DK,2012,100.3,I10,G47
DK,2013,98.8,I10,G47
DK,2014,99.0,I10,G47
DK,2015,100.6,I10,G47
DK,2016,100.7,I10,G47
DK,2017,102.1,I10,G47
DK,2018,102.6,I15,G47
DK,2019,103.6,I15,G47
DK,2020,107.4,I15,G47
DK,2021,113.0,I15,G47
DK,2022,115.7,I15,G47
DK,2023,119.2,I15,G47
DK,2024,106.0,I21,G47
DK,2025,111.2,I21,G47
DK,2000,128.6,I21,G476
DK,2001,127.3,I21,G476
DK,2002,133.9,I21,G476
DK,2003,142.0,I21,G476
DK,2004,149.9,I21,G476
DK,2005,157.1,I21,G476
DK,2006,161.4,I21,G476
DK,2007,159.9,I21,G476
DK,2008,153.5,I21,G476
DK,2009,155.5,I21,G476
DK,2010,151.4,I21,G476
DK,2011,152.1,I21,G476
DK,2012,148.8,I21,G476
DK,2013,139.6,I21,G476
DK,2014,132.3,I21,G476
DK,2015,129.3,I21,G476
DK,2016,123.4,I21,G476
DK,2017,119.0,I21,G476
DK,2018,121.0,I21,G476
DK,2019,98.1,I21,G476
DK,2020,106.8,I21,G476
DK,2021,100.0,I21,G476
DK,2022,95.2,I21,G476
DK,2023,98.1,I21,G476
DK,2024,98.3,I21,G476
DK,2025,105.6,I21,G476
DK,2000,70.8,I10,G47_NF_HLTH
DK,2001,75.6,I10,G47_NF_HLTH
DK,2002,81.0,I10,G47_NF_HLTH
DK,2003,84.3,I10,G47_NF_HLTH
DK,2004,87.6,I10,G47_NF_HLTH
DK,2005,93.9,I10,G47_NF_HLTH
DK,2006,99.5,I10,G47_NF_HLTH
DK,2007,98.4,I10,G47_NF_HLTH
DK,2008,97.5,I10,G47_NF_HLTH
DK,2009,98.2,I10,G47_NF_HLTH
DK,2010,100.0,I10,G47_NF_HLTH
DK,2011,98.1,I10,G47_NF_HLTH
DK,2012,94.7,I10,G47_NF_HLTH
DK,2013,92.0,I10,G47_NF_HLTH
DK,2014,93.7,I10,G47_NF_HLTH
DK,2015,96.9,I10,G47_NF_HLTH
DK,2016,99.5,I10,G47_NF_HLTH
DK,2017,101.9,I10,G47_NF_HLTH
DK,2018,107.6,I15,G47_NF_HLTH
DK,2019,115.0,I15,G47_NF_HLTH
DK,2020,117.1,I15,G47_NF_HLTH
DK,2021,122.0,I15,G47_NF_HLTH
DK,2022,130.6,I15,G47_NF_HLTH
EA19,1999,89.6,I10,G47
EA19,2000,81.6,I10,G47
EA19,2001,85.1,I10,G47
EA19,2002,86.7,I10,G47
EA19,2003,88.2,I10,G47
EA19,2004,90.6,I10,G47
EA19,2005,93.2,I10,G47
EA19,2006,96.8,I10,G47
EA19,2007,99.3,I10,G47
EA19,2008,101.7,I10,G47
EA19,2009,97.9,I10,G47
EA19,2010,100.0,I10,G47
EA19,2011,102.1,I10,G47
EA19,2012,102.9,I10,G47
EA19,2013,102.7,I10,G47
EA19,2014,103.5,I10,G47
EA19,2015,104.9,I10,G47
EA19,2016,106.0,I10,G47
EA19,2017,110.0,I10,G47
EA19,2018,108.1,I15,G47
EA19,2019,111.1,I15,G47
EA19,2020,110.2,I15,G47
EA19,2021,118.1,I15,G47
EA19,2022,128.7,I15,G47
EA19,2023,133.7,I15,G47
EA19,2000,87.3,I15,G476
EA19,2001,91.1,I15,G476
EA19,2002,91.6,I15,G476
EA19,2003,90.9,I15,G476
EA19,2004,92.8,I15,G476
EA19,2005,94.2,I15,G476
EA19,2006,95.4,I15,G476
EA19,2007,99.0,I15,G476
EA19,2008,99.5,I15,G476
EA19,2009,97.8,I15,G476
EA19,2010,98.8,I15,G476
EA19,2011,99.4,I15,G476
EA19,2012,99.0,I15,G476
EA19,2013,97.4,I15,G476
EA19,2014,98.1,I15,G476
EA19,2015,100.0,I15,G476
EA19,2016,101.7,I15,G476
EA19,2017,104.6,I15,G476
EA19,2018,105.6,I15,G476
EA19,2019,109.3,I15,G476
EA19,2020,104.8,I15,G476
EA19,2021,112.8,I15,G476
EA19,2022,123.6,I15,G476
EA19,2023,115.2,I21,G476
EA19,1998,66.5,I10,G47_NF_HLTH
EA19,1999,65.7,I15,G47_NF_HLTH
EA19,2000,71.6,I10,G47_NF_HLTH
EA19,2001,76.3,I10,G47_NF_HLTH
EA19,2002,79.4,I10,G47_NF_HLTH
EA19,2003,83.0,I10,G47_NF_HLTH
EA19,2004,84.8,I10,G47_NF_HLTH
EA19,2005,88.0,I10,G47_NF_HLTH
EA19,2006,90.5,I10,G47_NF_HLTH
EA19,2007,93.6,I10,G47_NF_HLTH
EA19,2008,96.1,I10,G47_NF_HLTH
EA19,2009,98.1,I10,G47_NF_HLTH
EA19,2010,100.0,I10,G47_NF_HLTH
EA19,2011,99.9,I10,G47_NF_HLTH
EA19,2012,98.7,I10,G47_NF_HLTH
EA19,2013,99.2,I10,G47_NF_HLTH
EA19,2014,102.4,I10,G47_NF_HLTH
EA19,2015,105.7,I10,G47_NF_HLTH
EA19,2016,108.7,I10,G47_NF_HLTH
EA19,2017,111.7,I10,G47_NF_HLTH
EA19,2018,108.1,I15,G47_NF_HLTH
EA19,2019,111.8,I15,G47_NF_HLTH
EA19,2020,113.2,I15,G47_NF_HLTH
EA20,2000,78.1,I15,G47
EA20,2001,81.5,I15,G47
EA20,2002,83.0,I15,G47
EA20,2003,84.5,I15,G47
EA20,2004,86.7,I15,G47
EA20,2005,89.2,I15,G47
EA20,2006,92.7,I15,G47
EA20,2007,95.1,I15,G47
EA20,2008,97.4,I15,G47
EA20,2009,93.6,I15,G47
EA20,2010,95.7,I15,G47
EA20,2011,97.4,I15,G47
EA20,2012,97.9,I15,G47
EA20,2013,97.7,I15,G47
EA20,2014,98.4,I15,G47
EA20,2015,100.0,I15,G47
EA20,2016,101.2,I15,G47
EA20,2017,105.0,I15,G47
EA20,2018,108.1,I15,G47
EA20,2019,111.1,I15,G47
EA20,2020,110.2,I15,G47
EA20,2021,118.2,I15,G47
EA20,2022,128.8,I15,G47
EA20,2023,133.8,I15,G47
EA20,2024,115.7,I21,G47
EA20,2025,119.3,I21,G47
EA20,2000,82.1,I21,G476
EA20,2001,86.4,I21,G476
EA20,2002,87.0,I21,G476
EA20,2003,86.8,I21,G476
EA20,2004,88.6,I21,G476
EA20,2005,90.2,I21,G476
EA20,2006,92.1,I21,G476
EA20,2007,96.1,I21,G476
EA20,2008,96.0,I21,G476
EA20,2009,91.5,I21,G476
EA20,2010,91.0,I21,G476
EA20,2011,90.3,I21,G476
EA20,2012,89.1,I21,G476
EA20,2013,87.4,I21,G476
EA20,2014,88.0,I21,G476
EA20,2015,100.0,I15,G476
EA20,2016,101.7,I15,G476
EA20,2017,104.6,I15,G476
EA20,2018,105.6,I15,G476
EA20,2019,109.3,I15,G476
EA20,2020,104.8,I15,G476
EA20,2021,112.8,I15,G476
EA20,2022,123.6,I15,G476
EA20,2023,115.2,I21,G476
EA20,2024,114.1,I21,G476
EA20,2025,114.6,I21,G476
EA20,1999,65.5,I15,G47_NF_HLTH
EA20,2000,67.7,I15,G47_NF_HLTH
EA20,2001,72.1,I15,G47_NF_HLTH
EA20,2002,75.1,I15,G47_NF_HLTH
EA20,2003,78.5,I15,G47_NF_HLTH
EA20,2004,80.4,I15,G47_NF_HLTH
EA20,2005,83.4,I15,G47_NF_HLTH
EA20,2006,86.1,I15,G47_NF_HLTH
EA20,2007,89.1,I15,G47_NF_HLTH
EA20,2008,91.7,I15,G47_NF_HLTH
EA20,2009,93.7,I15,G47_NF_HLTH
EA20,2010,95.5,I15,G47_NF_HLTH
EA20,2011,95.0,I15,G47_NF_HLTH
EA20,2012,93.5,I15,G47_NF_HLTH
EA20,2013,93.7,I15,G47_NF_HLTH
EA20,2014,96.9,I15,G47_NF_HLTH
EA20,2015,100.0,I15,G47_NF_HLTH
EA20,2016,102.8,I15,G47_NF_HLTH
EA20,2017,105.2,I15,G47_NF_HLTH
EA20,2018,108.2,I15,G47_NF_HLTH
EA20,2019,111.9,I15,G47_NF_HLTH
EA20,2020,113.3,I15,G47_NF_HLTH
EA21,2000,65.7,I21,G47
EA21,2001,68.6,I21,G47
EA21,2002,70.0,I21,G47
EA21,2003,71.2,I21,G47
EA21,2004,73.1,I21,G47
EA21,2005,75.5,I21,G47
EA21,2006,78.4,I21,G47
EA21,2007,80.6,I21,G47
EA21,2008,82.7,I21,G47
EA21,2009,79.5,I21,G47
EA21,2010,81.3,I21,G47
EA21,2011,82.8,I21,G47
EA21,2012,83.5,I21,G47
EA21,2013,83.4,I21,G47
EA21,2014,84.0,I21,G47
EA21,2015,84.8,I21,G47
EA21,2016,85.7,I21,G47
EA21,2017,88.9,I21,G47
EA21,2018,91.6,I21,G47
EA21,2019,94.1,I21,G47
EA21,2020,93.0,I21,G47
EA21,2021,100.0,I21,G47
EA21,2022,109.2,I21,G47
EA21,2023,113.5,I21,G47
EA21,2024,116.0,I21,G47
EA21,2025,119.7,I21,G47
EA21,2000,82.1,I21,G476
EA21,2001,86.4,I21,G476
EA21,2002,87.0,I21,G476
EA21,2003,86.8,I21,G476
EA21,2004,88.6,I21,G476
EA21,2005,90.2,I21,G476
EA21,2006,92.1,I21,G476
EA21,2007,96.1,I21,G476
EA21,2008,96.0,I21,G476
EA21,2009,91.5,I21,G476
EA21,2010,91.0,I21,G476
EA21,2011,90.3,I21,G476
EA21,2012,89.1,I21,G476
EA21,2013,87.4,I21,G476
EA21,2014,88.0,I21,G476
EA21,2015,92.2,I21,G476
EA21,2016,93.1,I21,G476
EA21,2017,95.7,I21,G476
EA21,2018,96.7,I21,G476
EA21,2019,99.1,I21,G476
EA21,2020,93.2,I21,G476
EA21,2021,100.0,I21,G476
EA21,2022,110.1,I21,G476
EA21,2023,115.2,I21,G476
EA21,2024,114.1,I21,G476
EA21,2025,114.6,I21,G476
EE,1998,35.6,I10,G47
EE,1999,36.2,I10,G47
EE,2000,43.3,I10,G47
EE,2001,51.2,I10,G47
EE,2002,60.9,I10,G47
EE,2003,59.9,I10,G47
EE,2004,67.8,I10,G47
EE,2005,80.3,I10,G47
EE,2006,97.7,I10,G47
EE,2007,113.0,I10,G47
EE,2008,119.0,I10,G47
EE,2009,96.4,I10,G47
EE,2010,100.0,I10,G47
EE,2011,110.8,I10,G47
EE,2012,121.3,I10,G47
EE,2013,125.0,I10,G47
EE,2014,134.0,I10,G47
EE,2015,138.3,I10,G47
EE,2016,144.3,I10,G47
EE,2017,153.5,I10,G47
EE,2018,116.6,I15,G47
EE,2019,123.6,I15,G47
EE,2020,126.9,I15,G47
EE,2021,147.0,I15,G47
EE,2022,173.9,I15,G47
EE,2023,172.5,I15,G47
EE,2024,116.3,I21,G47
EE,2025,121.6,I21,G47
EE,2001,43.6,I10,G47_NF_HLTH
EE,2002,46.2,I10,G47_NF_HLTH
EE,2003,59.3,I10,G47_NF_HLTH
EE,2004,69.2,I10,G47_NF_HLTH
EE,2005,68.9,I10,G47_NF_HLTH
EE,2006,79.8,I10,G47_NF_HLTH
EE,2007,89.6,I10,G47_NF_HLTH
EE,2008,98.6,I10,G47_NF_HLTH
EE,2009,95.7,I10,G47_NF_HLTH
EE,2010,100.0,I10,G47_NF_HLTH
EE,2011,97.6,I10,G47_NF_HLTH
EE,2012,107.4,I10,G47_NF_HLTH
EE,2013,110.6,I10,G47_NF_HLTH
EE,2014,125.8,I10,G47_NF_HLTH
EE,2015,133.4,I10,G47_NF_HLTH
EE,2016,155.0,I10,G47_NF_HLTH
EE,2017,155.4,I10,G47_NF_HLTH
EE,2018,135.0,I15,G47_NF_HLTH
EE,2019,141.8,I15,G47_NF_HLTH
EE,2020,149.8,I15,G47_NF_HLTH
EL,2000,62.5,I10,G47
EL,2001,67.0,I10,G47
EL,2002,72.8,I10,G47
EL,2003,79.0,I10,G47
EL,2004,84.0,I10,G47
EL,2005,90.0,I10,G47
EL,2006,101.1,I10,G47
EL,2007,106.8,I10,G47
EL,2008,112.6,I10,G47
EL,2009,101.1,I10,G47
EL,2010,100.0,I10,G47
EL,2011,92.8,I10,G47
EL,2012,82.6,I10,G47
EL,2013,75.5,I10,G47
EL,2014,74.7,I10,G47
EL,2015,72.6,I10,G47
EL,2016,71.1,I10,G47
EL,2017,72.3,I10,G47
EL,2018,101.6,I15,G47
EL,2019,102.9,I15,G47
EL,2020,98.8,I15,G47
EL,2021,110.4,I15,G47
EL,2022,124.1,I15,G47
EL,2023,116.5,I21,G47
EL,2024,118.4,I21,G47
EL,2025,122.2,I21,G47
EL,2000,61.5,I10,G47_NF_HLTH
EL,2001,65.7,I10,G47_NF_HLTH
EL,2002,71.5,I10,G47_NF_HLTH
EL,2003,78.3,I10,G47_NF_HLTH
EL,2004,83.2,I10,G47_NF_HLTH
EL,2005,88.6,I10,G47_NF_HLTH
EL,2006,91.9,I10,G47_NF_HLTH
EL,2007,94.5,I10,G47_NF_HLTH
EL,2008,99.0,I10,G47_NF_HLTH
EL,2009,102.6,I10,G47_NF_HLTH
EL,2010,100.0,I10,G47_NF_HLTH
EL,2011,88.9,I10,G47_NF_HLTH
EL,2012,76.3,I10,G47_NF_HLTH
EL,2013,64.6,I10,G47_NF_HLTH
EL,2014,66.0,I10,G47_NF_HLTH
EL,2015,64.7,I10,G47_NF_HLTH
EL,2016,63.4,I10,G47_NF_HLTH
EL,2017,62.4,I10,G47_NF_HLTH
EL,2018,96.2,I15,G47_NF_HLTH
EL,2019,97.9,I15,G47_NF_HLTH
EL,2020,114.7,I15,G47_NF_HLTH
EL,2021,136.2,I15,G47_NF_HLTH
EL,2022,152.2,I15,G47_NF_HLTH
EL,2023,115.4,I21,G47_NF_HLTH
EL,2024,122.1,I21,G47_NF_HLTH
EL,2025,132.3,I21,G47_NF_HLTH
ES,2000,74.6,I10,G47
ES,2001,79.8,I10,G47
ES,2002,84.6,I10,G47
ES,2003,89.6,I10,G47
ES,2004,94.3,I10,G47
ES,2005,98.7,I10,G47
ES,2006,103.7,I10,G47
ES,2007,108.8,I10,G47
ES,2008,107.2,I10,G47
ES,2009,99.8,I10,G47
ES,2010,100.0,I10,G47
ES,2011,97.8,I10,G47
ES,2012,92.7,I10,G47
ES,2013,89.5,I10,G47
ES,2014,90.0,I10,G47
ES,2015,91.6,I10,G47
ES,2016,93.5,I10,G47
ES,2017,96.8,I10,G47
ES,2018,108.1,I15,G47
ES,2019,110.8,I15,G47
ES,2020,102.5,I15,G47
ES,2021,111.1,I15,G47
ES,2022,124.9,I15,G47
ES,2023,137.3,I15,G47
ES,2024,127.6,I21,G47
ES,2025,133.9,I21,G47
ES,2021,100.0,I21,G476
ES,2022,109.2,I21,G476
ES,2023,126.4,I21,G476
ES,2024,124.4,I21,G476
ES,2025,125.8,I21,G476
ES,2000,58.1,I10,G47_NF_HLTH
ES,2001,63.0,I10,G47_NF_HLTH
ES,2002,68.2,I10,G47_NF_HLTH
ES,2003,76.8,I10,G47_NF_HLTH
ES,2004,80.6,I10,G47_NF_HLTH
ES,2005,86.0,I10,G47_NF_HLTH
ES,2006,89.6,I10,G47_NF_HLTH
ES,2007,93.3,I10,G47_NF_HLTH
ES,2008,96.5,I10,G47_NF_HLTH
ES,2009,100.0,I10,G47_NF_HLTH
ES,2010,100.0,I10,G47_NF_HLTH
ES,2011,96.6,I10,G47_NF_HLTH
ES,2012,86.8,I10,G47_NF_HLTH
ES,2013,85.2,I10,G47_NF_HLTH
ES,2014,87.5,I10,G47_NF_HLTH
ES,2015,89.8,I10,G47_NF_HLTH
ES,2016,93.3,I10,G47_NF_HLTH
ES,2017,94.9,I10,G47_NF_HLTH
ES,2018,106.1,I15,G47_NF_HLTH
ES,2019,107.9,I15,G47_NF_HLTH
ES,2020,105.8,I15,G47_NF_HLTH
ES,2021,109.3,I15,G47_NF_HLTH
ES,2022,117.9,I15,G47_NF_HLTH
ES,2023,120.8,I15,G47_NF_HLTH
EU27_2020,2000,74.0,I15,G47
EU27_2020,2001,77.4,I15,G47
EU27_2020,2002,79.0,I15,G47
EU27_2020,2003,80.7,I15,G47
EU27_2020,2004,83.3,I15,G47
EU27_2020,2005,86.0,I15,G47
EU27_2020,2006,89.9,I15,G47
EU27_2020,2007,92.8,I15,G47
EU27_2020,2008,95.6,I15,G47
EU27_2020,2009,92.2,I15,G47
EU27_2020,2010,94.4,I15,G47
EU27_2020,2011,96.2,I15,G47
EU27_2020,2012,97.0,I15,G47
EU27_2020,2013,97.1,I15,G47
EU27_2020,2014,98.0,I15,G47
EU27_2020,2015,100.0,I15,G47
EU27_2020,2016,101.5,I15,G47
EU27_2020,2017,105.8,I15,G47
EU27_2020,2018,109.5,I15,G47
EU27_2020,2019,113.0,I15,G47
EU27_2020,2020,112.7,I15,G47
EU27_2020,2021,121.5,I15,G47
EU27_2020,2022,133.8,I15,G47
EU27_2020,2023,139.5,I15,G47
EU27_2020,2024,117.5,I21,G47
EU27_2020,2025,121.5,I21,G47
EU27_2020,2000,84.7,I15,G476
EU27_2020,2001,88.6,I15,G476
EU27_2020,2002,89.4,I15,G476
EU27_2020,2003,88.9,I15,G476
EU27_2020,2004,90.7,I15,G476
EU27_2020,2005,92.1,I15,G476
EU27_2020,2006,93.7,I15,G476
EU27_2020,2007,97.5,I15,G476
EU27_2020,2008,98.2,I15,G476
EU27_2020,2009,97.0,I15,G476
EU27_2020,2010,98.0,I15,G476
EU27_2020,2011,98.4,I15,G476
EU27_2020,2012,98.3,I15,G476
EU27_2020,2013,96.8,I15,G476
EU27_2020,2014,97.6,I15,G476
EU27_2020,2015,100.0,I15,G476
EU27_2020,2016,102.1,I15,G476
EU27_2020,2017,105.0,I15,G476
EU27_2020,2018,106.2,I15,G476
EU27_2020,2019,110.0,I15,G476
EU27_2020,2020,105.8,I15,G476
EU27_2020,2021,113.9,I15,G476
EU27_2020,2022,123.7,I15,G476
EU27_2020,2023,114.1,I21,G476
EU27_2020,2024,113.0,I21,G476
EU27_2020,2025,113.8,I21,G476
EU27_2020,2000,63.4,I15,G47_NF_HLTH
EU27_2020,2001,67.9,I15,G47_NF_HLTH
EU27_2020,2002,70.8,I15,G47_NF_HLTH
EU27_2020,2003,74.3,I15,G47_NF_HLTH
EU27_2020,2004,76.4,I15,G47_NF_HLTH
EU27_2020,2005,79.9,I15,G47_NF_HLTH
EU27_2020,2006,82.8,I15,G47_NF_HLTH
EU27_2020,2007,86.1,I15,G47_NF_HLTH
EU27_2020,2008,89.1,I15,G47_NF_HLTH
EU27_2020,2009,90.8,I15,G47_NF_HLTH
EU27_2020,2010,93.3,I15,G47_NF_HLTH
EU27_2020,2011,93.1,I15,G47_NF_HLTH
EU27_2020,2012,92.1,I15,G47_NF_HLTH
EU27_2020,2013,93.0,I15,G47_NF_HLTH
EU27_2020,2014,96.3,I15,G47_NF_HLTH
EU27_2020,2015,100.0,I15,G47_NF_HLTH
EU27_2020,2016,102.6,I15,G47_NF_HLTH
EU27_2020,2017,105.6,I15,G47_NF_HLTH
EU27_2020,2018,109.2,I15,G47_NF_HLTH
EU27_2020,2019,113.0,I15,G47_NF_HLTH
EU27_2020,2020,114.9,I15,G47_NF_HLTH
EU28,1999,74.0,I10,G47
EU28,2000,77.5,I10,G47
EU28,2001,81.0,I10,G47
EU28,2002,82.9,I10,G47
EU28,2003,84.8,I10,G47
EU28,2004,87.7,I10,G47
EU28,2005,90.4,I10,G47
EU28,2006,94.4,I10,G47
EU28,2007,97.6,I10,G47
EU28,2008,100.5,I10,G47
EU28,2009,97.7,I10,G47
EU28,2010,100.0,I10,G47
EU28,2011,102.4,I10,G47
EU28,2012,103.6,I10,G47
EU28,2013,104.1,I10,G47
EU28,2014,105.5,I10,G47
EU28,2015,107.3,I10,G47
EU28,2016,109.2,I10,G47
EU28,2017,113.7,I10,G47
EU28,2018,110.1,I15,G47
EU28,2019,113.6,I15,G47
EU28,1999,68.5,I10,G47_NF_HLTH
EU28,2000,70.2,I10,G47_NF_HLTH
EU28,2001,74.4,I10,G47_NF_HLTH
EU28,2002,77.1,I10,G47_NF_HLTH
EU28,2003,80.9,I10,G47_NF_HLTH
EU28,2004,83.0,I10,G47_NF_HLTH
EU28,2005,86.6,I10,G47_NF_HLTH
EU28,2006,89.1,I10,G47_NF_HLTH
EU28,2007,92.6,I10,G47_NF_HLTH
EU28,2008,96.1,I10,G47_NF_HLTH
EU28,2009,97.4,I10,G47_NF_HLTH
EU28,2010,100.0,I10,G47_NF_HLTH
EU28,2011,100.5,I10,G47_NF_HLTH
EU28,2012,100.0,I10,G47_NF_HLTH
EU28,2013,101.5,I10,G47_NF_HLTH
EU28,2014,105.0,I10,G47_NF_HLTH
EU28,2015,108.4,I10,G47_NF_HLTH
EU28,2016,111.8,I10,G47_NF_HLTH
EU28,2017,116.1,I10,G47_NF_HLTH
EU28,2018,113.9,I15,G47_NF_HLTH
EU28,2019,118.9,I15,G47_NF_HLTH
FI,1995,52.6,I10,G47
FI,1996,54.7,I10,G47
FI,1997,57.7,I10,G47
FI,1998,60.9,I10,G47
FI,1999,63.0,I10,G47
FI,2000,66.7,I10,G47
FI,2001,71.0,I10,G47
FI,2002,73.7,I10,G47
FI,2003,76.8,I10,G47
FI,2004,79.3,I10,G47
FI,2005,83.1,I10,G47
FI,2006,87.6,I10,G47
FI,2007,93.0,I10,G47
FI,2008,97.6,I10,G47
FI,2009,96.3,I10,G47
FI,2010,99.9,I10,G47
FI,2011,104.8,I10,G47
FI,2012,109.4,I10,G47
FI,2013,109.6,I10,G47
FI,2014,108.5,I10,G47
FI,2015,107.6,I10,G47
FI,2016,107.7,I10,G47
FI,2017,110.5,I10,G47
FI,2018,105.6,I15,G47
FI,2019,108.0,I15,G47
FI,2020,112.3,I15,G47
FI,2021,118.0,I15,G47
FI,2022,122.2,I15,G47
FI,2023,124.3,I15,G47
FI,2024,105.0,I21,G47
FI,2025,106.5,I21,G47
FI,2010,78.4,I21,G476
FI,2011,78.8,I21,G476
FI,2012,81.9,I21,G476
FI,2013,79.7,I21,G476
FI,2014,78.0,I21,G476
FI,2015,81.4,I21,G476
FI,2016,82.4,I21,G476
FI,2017,82.7,I21,G476
FI,2018,85.9,I21,G476
FI,2019,86.4,I21,G476
FI,2020,90.2,I21,G476
FI,2021,100.0,I21,G476
FI,2022,99.1,I21,G476
FI,2023,94.7,I21,G476
FI,2024,90.1,I21,G476
FI,2025,87.7,I21,G476
FI,1995,41.1,I10,G47_NF_HLTH
FI,1996,44.1,I10,G47_NF_HLTH
FI,1997,47.2,I10,G47_NF_HLTH
FI,1998,50.6,I10,G47_NF_HLTH
FI,1999,55.1,I10,G47_NF_HLTH
FI,2000,60.3,I10,G47_NF_HLTH
FI,2001,66.5,I10,G47_NF_HLTH
FI,2002,72.8,I10,G47_NF_HLTH
FI,2003,77.5,I10,G47_NF_HLTH
FI,2004,82.6,I10,G47_NF_HLTH
FI,2005,87.9,I10,G47_NF_HLTH
FI,2006,88.2,I10,G47_NF_HLTH
FI,2007,93.0,I10,G47_NF_HLTH
FI,2008,99.0,I10,G47_NF_HLTH
FI,2009,99.9,I10,G47_NF_HLTH
FI,2010,99.7,I10,G47_NF_HLTH
FI,2011,101.6,I10,G47_NF_HLTH
FI,2012,106.4,I10,G47_NF_HLTH
FI,2013,107.9,I10,G47_NF_HLTH
FI,2014,111.7,I10,G47_NF_HLTH
FI,2015,115.6,I10,G47_NF_HLTH
FI,2016,119.3,I10,G47_NF_HLTH
FI,2017,120.2,I10,G47_NF_HLTH
FI,2018,108.0,I15,G47_NF_HLTH
FI,2019,111.9,I15,G47_NF_HLTH
FI,2020,113.7,I15,G47_NF_HLTH
FI,2021,116.0,I15,G47_NF_HLTH
FI,2022,121.1,I15,G47_NF_HLTH
FI,2023,124.8,I15,G47_NF_HLTH
FR,1999,65.3,I10,G47
FR,2000,70.2,I10,G47
FR,2001,76.2,I10,G47
FR,2002,79.0,I10,G47
FR,2003,81.1,I10,G47
FR,2004,84.3,I10,G47
FR,2005,86.3,I10,G47
FR,2006,89.8,I10,G47
FR,2007,93.6,I10,G47
FR,2008,97.3,I10,G47
FR,2009,96.1,I10,G47
FR,2010,100.0,I10,G47
FR,2011,105.0,I10,G47
FR,2012,108.2,I10,G47
FR,2013,109.1,I10,G47
FR,2014,109.0,I10,G47
FR,2015,110.7,I10,G47
FR,2016,112.8,I10,G47
FR,2017,117.6,I10,G47
FR,2018,110.6,I15,G47
FR,2019,113.8,I15,G47
FR,2020,110.6,I15,G47
FR,2021,122.8,I15,G47
FR,2022,133.9,I15,G47
FR,2023,139.3,I15,G47
FR,2024,115.9,I21,G47
FR,2025,118.7,I21,G47
FR,1999,58.5,I15,G476
FR,2000,65.0,I15,G476
FR,2001,71.1,I15,G476
FR,2002,74.5,I15,G476
FR,2003,78.2,I15,G476
FR,2004,81.9,I15,G476
FR,2005,83.9,I15,G476
FR,2006,86.4,I15,G476
FR,2007,90.0,I15,G476
FR,2008,91.2,I15,G476
FR,2009,91.4,I15,G476
FR,2010,94.1,I15,G476
FR,2011,96.5,I15,G476
FR,2012,97.7,I15,G476
FR,2013,96.2,I15,G476
FR,2014,96.8,I15,G476
FR,2015,100.0,I15,G476
FR,2016,102.8,I15,G476
FR,2017,106.7,I15,G476
FR,2018,107.4,I15,G476
FR,2019,112.3,I15,G476
FR,2020,103.1,I15,G476
FR,2021,119.8,I15,G476
FR,2022,132.1,I15,G476
FR,2023,115.0,I21,G476
FR,2024,116.1,I21,G476
FR,2025,117.7,I21,G476
FR,1999,62.9,I10,G47_NF_HLTH
FR,2000,61.5,I10,G47_NF_HLTH
FR,2001,66.3,I10,G47_NF_HLTH
FR,2002,69.8,I10,G47_NF_HLTH
FR,2003,74.8,I10,G47_NF_HLTH
FR,2004,78.7,I10,G47_NF_HLTH
FR,2005,83.5,I10,G47_NF_HLTH
FR,2006,87.4,I10,G47_NF_HLTH
FR,2007,92.3,I10,G47_NF_HLTH
FR,2008,95.5,I10,G47_NF_HLTH
FR,2009,98.3,I10,G47_NF_HLTH
FR,2010,100.1,I10,G47_NF_HLTH
FR,2011,102.4,I10,G47_NF_HLTH
FR,2012,104.0,I10,G47_NF_HLTH
FR,2013,105.2,I10,G47_NF_HLTH
FR,2014,105.8,I10,G47_NF_HLTH
FR,2015,106.8,I10,G47_NF_HLTH
FR,2016,108.5,I10,G47_NF_HLTH
FR,2017,110.9,I10,G47_NF_HLTH
FR,2018,107.1,I15,G47_NF_HLTH
FR,2019,110.1,I15,G47_NF_HLTH
FR,2020,111.1,I15,G47_NF_HLTH
FR,2021,121.7,I15,G47_NF_HLTH
HR,2000,50.2,I10,G47
HR,2001,58.3,I10,G47
HR,2002,65.3,I10,G47
HR,2003,73.3,I10,G47
HR,2004,79.9,I10,G47
HR,2005,85.4,I10,G47
HR,2006,92.5,I10,G47
HR,2007,100.0,I10,G47
HR,2008,107.7,I10,G47
HR,2009,103.1,I10,G47
HR,2010,100.2,I10,G47
HR,2011,102.6,I10,G47
HR,2012,102.3,I10,G47
HR,2013,105.2,I10,G47
HR,2014,103.9,I10,G47
HR,2015,106.6,I10,G47
HR,2016,106.5,I10,G47
HR,2017,113.4,I10,G47
HR,2018,111.8,I15,G47
HR,2019,117.1,I15,G47
HR,2020,111.4,I15,G47
HR,2021,127.7,I15,G47
HR,2022,144.5,I15,G47
HR,2023,155.8,I15,G47
HR,2024,141.5,I21,G47
HR,2025,149.8,I21,G47
HR,2000,39.9,I15,G47_NF_HLTH
HR,2001,43.5,I15,G47_NF_HLTH
HR,2002,47.0,I15,G47_NF_HLTH
HR,2003,56.4,I15,G47_NF_HLTH
HR,2004,60.0,I15,G47_NF_HLTH
HR,2005,69.4,I15,G47_NF_HLTH
HR,2006,74.1,I15,G47_NF_HLTH
HR,2007,84.2,I15,G47_NF_HLTH
HR,2008,91.1,I15,G47_NF_HLTH
HR,2009,92.6,I15,G47_NF_HLTH
HR,2010,93.8,I15,G47_NF_HLTH
HR,2011,95.6,I15,G47_NF_HLTH
HR,2012,97.0,I15,G47_NF_HLTH
HR,2013,98.8,I15,G47_NF_HLTH
HR,2014,97.4,I15,G47_NF_HLTH
HR,2015,100.1,I15,G47_NF_HLTH
HR,2016,104.4,I15,G47_NF_HLTH
HR,2017,111.0,I15,G47_NF_HLTH
HR,2018,117.2,I15,G47_NF_HLTH
HR,2019,127.5,I15,G47_NF_HLTH
HR,2020,134.8,I15,G47_NF_HLTH
HR,2021,143.4,I15,G47_NF_HLTH
HR,2022,157.8,I15,G47_NF_HLTH
HR,2023,184.1,I15,G47_NF_HLTH
HR,2024,156.4,I21,G47_NF_HLTH
HR,2025,171.2,I21,G47_NF_HLTH
HU,2000,55.2,I10,G47
HU,2001,61.1,I10,G47
HU,2002,68.3,I10,G47
HU,2003,75.0,I10,G47
HU,2004,82.0,I10,G47
HU,2005,87.9,I10,G47
HU,2006,94.8,I10,G47
HU,2007,97.5,I10,G47
HU,2008,101.2,I10,G47
HU,2009,97.4,I10,G47
HU,2010,100.0,I10,G47
HU,2011,105.7,I10,G47
HU,2012,110.6,I10,G47
HU,2013,114.1,I10,G47
HU,2014,119.8,I10,G47
HU,2015,124.1,I10,G47
HU,2016,129.3,I10,G47
HU,2017,139.3,I10,G47
HU,2018,124.7,I15,G47
HU,2019,136.3,I15,G47
HU,2020,140.6,I15,G47
HU,2021,156.3,I15,G47
HU,2022,189.2,I15,G47
HU,2023,204.3,I15,G47
HU,2024,136.7,I21,G47
HU,2025,143.8,I21,G47
HU,2000,33.7,I10,G47_NF_HLTH
HU,2001,37.5,I10,G47_NF_HLTH
HU,2002,43.6,I10,G47_NF_HLTH
HU,2003,47.8,I10,G47_NF_HLTH
HU,2004,54.8,I10,G47_NF_HLTH
HU,2005,65.3,I10,G47_NF_HLTH
HU,2006,75.4,I10,G47_NF_HLTH
HU,2007,88.4,I10,G47_NF_HLTH
HU,2008,91.0,I10,G47_NF_HLTH
HU,2009,95.1,I10,G47_NF_HLTH
HU,2010,100.0,I10,G47_NF_HLTH
HU,2011,105.7,I10,G47_NF_HLTH
HU,2012,111.7,I10,G47_NF_HLTH
HU,2013,117.1,I10,G47_NF_HLTH
HU,2014,123.8,I10,G47_NF_HLTH
HU,2015,132.4,I10,G47_NF_HLTH
HU,2016,140.3,I10,G47_NF_HLTH
HU,2017,151.2,I10,G47_NF_HLTH
HU,2018,124.6,I15,G47_NF_HLTH
HU,2019,133.8,I15,G47_NF_HLTH
HU,2020,140.5,I15,G47_NF_HLTH
IE,2000,74.4,I10,G47
IE,2001,81.9,I10,G47
IE,2002,85.8,I10,G47
IE,2003,89.1,I10,G47
IE,2004,93.8,I10,G47
IE,2005,99.8,I10,G47
IE,2006,108.7,I10,G47
IE,2007,117.1,I10,G47
IE,2008,116.6,I10,G47
IE,2009,103.3,I10,G47
IE,2010,99.5,I10,G47
IE,2011,96.7,I10,G47
IE,2012,95.8,I10,G47
IE,2013,95.8,I10,G47
IE,2014,98.6,I10,G47
IE,2015,102.5,I10,G47
IE,2016,104.8,I10,G47
IE,2017,109.0,I10,G47
IE,2018,107.0,I15,G47
IE,2019,109.8,I15,G47
IE,2020,110.1,I15,G47
IE,2021,116.8,I15,G47
IE,2022,125.7,I15,G47
IE,2023,131.1,I15,G47
IE,2024,117.5,I21,G47
IE,2025,119.9,I21,G47
IE,2000,55.8,I10,G47_NF_HLTH
IE,2001,65.1,I10,G47_NF_HLTH
IE,2002,71.7,I10,G47_NF_HLTH
IE,2003,77.5,I10,G47_NF_HLTH
IE,2004,85.1,I10,G47_NF_HLTH
IE,2005,91.8,I10,G47_NF_HLTH
IE,2006,101.3,I10,G47_NF_HLTH
IE,2007,109.2,I10,G47_NF_HLTH
IE,2008,111.2,I10,G47_NF_HLTH
IE,2009,107.2,I10,G47_NF_HLTH
IE,2010,99.2,I10,G47_NF_HLTH
IE,2011,93.0,I10,G47_NF_HLTH
IE,2012,92.9,I10,G47_NF_HLTH
IE,2013,90.0,I10,G47_NF_HLTH
IE,2014,88.0,I10,G47_NF_HLTH
IE,2015,90.1,I10,G47_NF_HLTH
IE,2016,92.7,I10,G47_NF_HLTH
IE,2017,96.5,I10,G47_NF_HLTH
IE,2018,105.8,I15,G47_NF_HLTH
IE,2019,109.5,I15,G47_NF_HLTH
IE,2020,114.3,I15,G47_NF_HLTH
IE,2021,122.6,I15,G47_NF_HLTH
IE,2022,127.9,I15,G47_NF_HLTH
IE,2023,135.9,I15,G47_NF_HLTH
IE,2024,111.2,I21,G47_NF_HLTH
IE,2025,115.3,I21,G47_NF_HLTH
IT,2000,86.7,I10,G47
IT,2001,88.7,I10,G47
IT,2002,90.6,I10,G47
IT,2003,92.6,I10,G47
IT,2004,93.0,I10,G47
IT,2005,94.8,I10,G47
IT,2006,97.4,I10,G47
IT,2007,98.9,I10,G47
IT,2008,100.3,I10,G47
IT,2009,97.5,I10,G47
IT,2010,100.0,I10,G47
IT,2011,101.9,I10,G47
IT,2012,102.0,I10,G47
IT,2013,100.1,I10,G47
IT,2014,99.9,I10,G47
IT,2015,100.6,I10,G47
IT,2016,100.4,I10,G47
IT,2017,102.8,I10,G47
IT,2018,101.8,I15,G47
IT,2019,102.6,I15,G47
IT,2020,94.6,I15,G47
IT,2021,104.1,I15,G47
IT,2022,111.7,I15,G47
IT,2023,114.5,I15,G47
IT,2024,110.5,I21,G47
IT,2025,111.1,I21,G47
IT,2015,100.0,I15,G476
IT,2016,102.9,I15,G476
IT,2017,102.6,I15,G476
IT,2018,100.5,I15,G476
IT,2019,100.1,I15,G476
IT,2020,84.4,I15,G476
IT,2021,96.0,I15,G476
IT,2022,100.2,I15,G476
IT,2023,101.0,I15,G476
IT,2024,104.0,I21,G476
IT,2025,103.3,I21,G476
IT,2000,91.3,I10,G47_NF_HLTH
IT,2001,94.1,I10,G47_NF_HLTH
IT,2002,95.5,I10,G47_NF_HLTH
IT,2003,95.4,I10,G47_NF_HLTH
IT,2004,95.0,I10,G47_NF_HLTH
IT,2005,95.1,I10,G47_NF_HLTH
IT,2006,96.3,I10,G47_NF_HLTH
IT,2007,97.9,I10,G47_NF_HLTH
IT,2008,97.6,I10,G47_NF_HLTH
IT,2009,97.3,I10,G47_NF_HLTH
IT,2010,100.0,I10,G47_NF_HLTH
IT,2011,100.8,I10,G47_NF_HLTH
IT,2012,98.9,I10,G47_NF_HLTH
IT,2013,98.5,I10,G47_NF_HLTH
IT,2014,100.0,I10,G47_NF_HLTH
IT,2015,102.8,I10,G47_NF_HLTH
IT,2016,104.7,I10,G47_NF_HLTH
IT,2017,107.3,I10,G47_NF_HLTH
IT,2018,100.5,I15,G47_NF_HLTH
IT,2019,100.2,I15,G47_NF_HLTH
IT,2020,94.7,I15,G47_NF_HLTH
IT,2021,101.7,I15,G47_NF_HLTH
IT,2022,107.8,I15,G47_NF_HLTH
IT,2023,109.1,I15,G47_NF_HLTH
LT,1998,46.1,I10,G47
LT,1999,44.1,I10,G47
LT,2000,49.0,I10,G47
LT,2001,50.4,I10,G47
LT,2002,54.7,I10,G47
LT,2003,60.1,I10,G47
LT,2004,68.0,I10,G47
LT,2005,80.5,I10,G47
LT,2006,94.0,I10,G47
LT,2007,115.0,I10,G47
LT,2008,130.0,I10,G47
LT,2009,104.1,I10,G47
LT,2010,100.0,I10,G47
LT,2011,112.6,I10,G47
LT,2012,119.7,I10,G47
LT,2013,125.8,I10,G47
LT,2014,132.6,I10,G47
LT,2015,135.8,I10,G47
LT,2016,143.7,I10,G47
LT,2017,157.0,I10,G47
LT,2018,126.9,I15,G47
LT,2019,134.9,I15,G47
LT,2020,137.7,I15,G47
LT,2021,164.5,I15,G47
LT,2022,200.6,I15,G47
LT,2023,207.8,I15,G47
LT,2024,131.9,I21,G47
LT,2025,141.2,I21,G47
LT,2018,110.8,I15,G476
LT,2019,120.6,I15,G476
LT,2020,114.5,I15,G476
LT,2021,143.8,I15,G476
LT,2022,174.6,I15,G476
LT,2023,132.1,I21,G476
LT,2024,155.9,I21,G476
LT,2025,166.4,I21,G476
LT,1998,42.0,I10,G47_NF_HLTH
LT,1999,43.3,I10,G47_NF_HLTH
LT,2000,44.8,I10,G47_NF_HLTH
LT,2001,49.3,I10,G47_NF_HLTH
LT,2002,57.2,I10,G47_NF_HLTH
LT,2003,59.3,I10,G47_NF_HLTH
LT,2004,65.3,I10,G47_NF_HLTH
LT,2005,79.1,I10,G47_NF_HLTH
LT,2006,86.1,I10,G47_NF_HLTH
LT,2007,96.0,I10,G47_NF_HLTH
LT,2008,107.6,I10,G47_NF_HLTH
LT,2009,103.6,I10,G47_NF_HLTH
LT,2010,100.0,I10,G47_NF_HLTH
LT,2011,104.8,I10,G47_NF_HLTH
LT,2012,112.2,I10,G47_NF_HLTH
LT,2013,121.0,I10,G47_NF_HLTH
LT,2014,126.8,I10,G47_NF_HLTH
LT,2015,132.6,I10,G47_NF_HLTH
LT,2016,141.7,I10,G47_NF_HLTH
LT,2017,145.3,I10,G47_NF_HLTH
LT,2018,112.8,I15,G47_NF_HLTH
LT,2019,131.0,I15,G47_NF_HLTH
LT,2020,137.3,I15,G47_NF_HLTH
LU,2000,50.6,I10,G47
LU,2001,53.8,I10,G47
LU,2002,57.2,I10,G47
LU,2003,61.8,I10,G47
LU,2004,66.8,I10,G47
LU,2005,70.3,I10,G47
LU,2006,77.4,I10,G47
LU,2007,83.2,I10,G47
LU,2008,89.0,I10,G47
LU,2009,89.3,I10,G47
LU,2010,100.0,I10,G47
LU,2011,124.7,I10,G47
LU,2012,152.5,I10,G47
LU,2013,173.8,I10,G47
LU,2014,189.2,I10,G47
LU,2015,134.9,I10,G47
LU,2016,63.7,I10,G47
LU,2017,52.2,I10,G47
LU,2018,32.4,I15,G47
LU,2019,34.2,I15,G47
LU,2020,33.2,I15,G47
LU,2021,38.5,I15,G47
LU,2022,44.0,I15,G47
LU,2023,46.6,I15,G47
LU,2024,135.7,I21,G47
LU,2025,149.8,I21,G47
LV,2000,38.9,I10,G47
LV,2001,41.9,I10,G47
LV,2002,47.2,I10,G47
LV,2003,55.1,I10,G47
LV,2004,65.1,I10,G47
LV,2005,84.7,I10,G47
LV,2006,106.8,I10,G47
LV,2007,130.9,I10,G47
LV,2008,135.7,I10,G47
LV,2009,101.5,I10,G47
LV,2010,100.0,I10,G47
LV,2011,108.1,I10,G47
LV,2012,117.9,I10,G47
LV,2013,122.1,I10,G47
LV,2014,125.8,I10,G47
LV,2015,128.3,I10,G47
LV,2016,129.9,I10,G47
LV,2017,139.3,I10,G47
LV,2018,116.3,I15,G47
LV,2019,121.3,I15,G47
LV,2020,122.2,I15,G47
LV,2021,130.7,I15,G47
LV,2022,158.8,I15,G47
LV,2023,163.2,I15,G47
LV,2024,125.5,I21,G47
LV,2025,129.3,I21,G47
LV,2000,33.54,I10,G47_NF_HLTH
LV,2001,41.5,I10,G47_NF_HLTH
LV,2002,41.21,I10,G47_NF_HLTH
LV,2003,46.16,I10,G47_NF_HLTH
LV,2004,50.52,I10,G47_NF_HLTH
LV,2005,66.55,I10,G47_NF_HLTH
LV,2006,80.02,I10,G47_NF_HLTH
LV,2007,102.69,I10,G47_NF_HLTH
LV,2008,111.61,I10,G47_NF_HLTH
LV,2009,100.93,I10,G47_NF_HLTH
LV,2010,100.0,I10,G47_NF_HLTH
LV,2011,104.06,I10,G47_NF_HLTH
LV,2012,111.23,I10,G47_NF_HLTH
LV,2013,120.35,I10,G47_NF_HLTH
LV,2014,120.47,I10,G47_NF_HLTH
ME,2000,17.4,I15,G47
ME,2001,22.1,I15,G47
ME,2002,28.8,I15,G47
ME,2003,31.9,I15,G47
ME,2004,37.2,I15,G47
ME,2005,43.8,I15,G47
ME,2006,65.2,I10,G47
ME,2007,87.8,I10,G47
ME,2008,103.0,I10,G47
ME,2009,102.3,I10,G47
ME,2010,100.0,I10,G47
ME,2011,124.8,I10,G47
ME,2012,133.4,I10,G47
ME,2013,148.4,I10,G47
ME,2014,152.4,I10,G47
ME,2015,159.0,I10,G47
ME,2016,165.7,I10,G47
ME,2017,171.0,I10,G47
ME,2018,114.5,I15,G47
ME,2019,121.3,I15,G47
ME,2020,109.6,I15,G47
ME,2021,132.5,I15,G47
ME,2022,171.6,I15,G47
ME,2023,198.6,I15,G47
ME,2024,165.8,I21,G47
ME,2025,179.1,I21,G47
ME,2006,53.5,I10,G47_NF_HLTH
ME,2007,69.7,I10,G47_NF_HLTH
ME,2008,89.8,I10,G47_NF_HLTH
ME,2009,98.8,I10,G47_NF_HLTH
ME,2010,100.0,I10,G47_NF_HLTH
ME,2011,106.1,I10,G47_NF_HLTH
ME,2012,95.9,I10,G47_NF_HLTH
ME,2013,98.5,I10,G47_NF_HLTH
ME,2014,123.7,I10,G47_NF_HLTH
ME,2015,142.4,I10,G47_NF_HLTH
ME,2016,152.1,I10,G47_NF_HLTH
MK,2010,97.8,I15,G47
MK,2011,109.9,I15,G47
MK,2012,106.9,I15,G47
MK,2013,103.1,I15,G47
MK,2014,96.2,I15,G47
MK,2015,100.0,I15,G47
MK,2016,109.0,I15,G47
MK,2017,107.9,I15,G47
MK,2018,119.0,I15,G47
MK,2019,132.8,I15,G47
MK,2020,116.8,I15,G47
MK,2021,133.8,I15,G47
MK,2022,158.1,I15,G47
MK,2023,162.4,I15,G47
MK,2024,128.5,I21,G47
MK,2025,131.2,I21,G47
MT,2000,81.2,I10,G47
MT,2001,80.9,I10,G47
MT,2002,81.0,I10,G47
MT,2003,83.0,I10,G47
MT,2004,83.8,I10,G47
MT,2005,81.6,I10,G47
MT,2006,80.8,I10,G47
MT,2007,88.1,I10,G47
MT,2008,88.7,I10,G47
MT,2009,86.8,I10,G47
MT,2010,100.0,I10,G47
MT,2011,105.4,I10,G47
MT,2012,109.2,I10,G47
MT,2013,110.2,I10,G47
MT,2014,112.1,I10,G47
MT,2015,120.1,I10,G47
MT,2016,122.8,I10,G47
MT,2017,131.0,I10,G47
MT,2018,121.4,I15,G47
MT,2019,129.2,I15,G47
MT,2020,121.3,I15,G47
MT,2021,133.9,I15,G47
MT,2022,152.6,I15,G47
MT,2023,163.2,I15,G47
MT,2024,128.8,I21,G47
MT,2025,135.6,I21,G47
NL,2000,88.0,I10,G47
NL,2001,92.6,I10,G47
NL,2002,95.0,I10,G47
NL,2003,93.4,I10,G47
NL,2004,91.7,I10,G47
NL,2005,92.6,I10,G47
NL,2006,99.0,I10,G47
NL,2007,102.9,I10,G47
NL,2008,105.6,I10,G47
NL,2009,100.1,I10,G47
NL,2010,100.0,I10,G47
NL,2011,100.6,I10,G47
NL,2012,99.3,I10,G47
NL,2013,96.1,I10,G47
NL,2014,96.7,I10,G47
NL,2015,98.0,I10,G47
NL,2016,99.7,I10,G47
NL,2017,103.9,I10,G47
NL,2018,110.3,I15,G47
NL,2019,113.6,I15,G47
NL,2020,118.1,I15,G47
NL,2021,124.1,I15,G47
NL,2022,134.5,I15,G47
NL,2023,140.9,I15,G47
NL,2024,115.6,I21,G47
NL,2025,118.7,I21,G47
NL,2000,124.6,I15,G476
NL,2001,132.0,I15,G476
NL,2002,136.8,I15,G476
NL,2003,130.7,I15,G476
NL,2004,125.1,I15,G476
NL,2005,121.6,I15,G476
NL,2006,130.8,I15,G476
NL,2007,141.1,I15,G476
NL,2008,143.6,I15,G476
NL,2009,134.0,I15,G476
NL,2010,126.3,I15,G476
NL,2011,120.2,I15,G476
NL,2012,112.5,I15,G476
NL,2013,107.4,I15,G476
NL,2014,105.0,I15,G476
NL,2015,100.0,I15,G476
NL,2016,99.7,I15,G476
NL,2017,99.3,I15,G476
NL,2018,98.8,I15,G476
NL,2019,96.0,I15,G476
NL,2020,101.2,I15,G476
NL,2021,99.5,I15,G476
NL,2022,110.9,I15,G476
NL,2023,113.4,I15,G476
NL,2024,116.8,I21,G476
NL,2025,123.0,I21,G476
NL,2000,75.8,I10,G47_NF_HLTH
NL,2001,82.7,I10,G47_NF_HLTH
NL,2002,89.0,I10,G47_NF_HLTH
NL,2003,92.5,I10,G47_NF_HLTH
NL,2004,93.3,I10,G47_NF_HLTH
NL,2005,92.7,I10,G47_NF_HLTH
NL,2006,94.9,I10,G47_NF_HLTH
NL,2007,97.8,I10,G47_NF_HLTH
NL,2008,99.2,I10,G47_NF_HLTH
NL,2009,99.2,I10,G47_NF_HLTH
NL,2010,100.0,I10,G47_NF_HLTH
NL,2011,99.3,I10,G47_NF_HLTH
NL,2012,100.8,I10,G47_NF_HLTH
NL,2013,98.3,I10,G47_NF_HLTH
NL,2014,100.6,I10,G47_NF_HLTH
NL,2015,104.6,I10,G47_NF_HLTH
NL,2016,106.7,I10,G47_NF_HLTH
NL,2017,112.0,I10,G47_NF_HLTH
NL,2018,108.2,I15,G47_NF_HLTH
NL,2019,111.2,I15,G47_NF_HLTH
NL,2020,110.8,I15,G47_NF_HLTH
NO,2000,68.6,I10,G47
NO,2001,69.8,I10,G47
NO,2002,73.7,I10,G47
NO,2003,75.6,I10,G47
NO,2004,78.6,I10,G47
NO,2005,81.5,I10,G47
NO,2006,86.3,I10,G47
NO,2007,93.1,I10,G47
NO,2008,96.8,I10,G47
NO,2009,98.3,I10,G47
NO,2010,100.6,I10,G47
NO,2011,103.3,I10,G47
NO,2012,106.9,I10,G47
NO,2013,109.5,I10,G47
NO,2014,113.0,I10,G47
NO,2015,116.4,I10,G47
NO,2016,118.8,I10,G47
NO,2017,122.3,I10,G47
NO,2018,107.8,I15,G47
NO,2019,109.3,I15,G47
NO,2020,121.5,I15,G47
NO,2021,127.5,I15,G47
NO,2022,130.6,I15,G47
NO,2023,133.8,I15,G47
NO,2024,108.9,I21,G47
NO,2025,115.0,I21,G47
NO,2000,63.6,I15,G476
NO,2001,62.0,I15,G476
NO,2002,71.4,I15,G476
NO,2003,76.2,I15,G476
NO,2004,77.1,I15,G476
NO,2005,74.1,I15,G476
NO,2006,78.3,I15,G476
NO,2007,91.7,I15,G476
NO,2008,91.0,I15,G476
NO,2009,92.5,I15,G476
NO,2010,94.2,I15,G476
NO,2011,93.7,I15,G476
NO,2012,93.0,I15,G476
NO,2013,94.0,I15,G476
NO,2014,94.9,I15,G476
NO,2015,100.5,I15,G476
NO,2016,103.2,I15,G476
NO,2017,103.3,I15,G476
NO,2018,102.0,I15,G476
NO,2019,101.6,I15,G476
NO,2020,113.6,I15,G476
NO,2021,116.0,I15,G476
NO,2022,110.1,I15,G476
NO,2023,106.2,I15,G476
NO,2024,91.3,I21,G476
NO,2025,98.1,I21,G476
NO,2000,69.3,I10,G47_NF_HLTH
NO,2001,73.3,I10,G47_NF_HLTH
NO,2002,77.0,I10,G47_NF_HLTH
NO,2003,78.5,I10,G47_NF_HLTH
NO,2004,81.4,I10,G47_NF_HLTH
NO,2005,84.5,I10,G47_NF_HLTH
NO,2006,88.0,I10,G47_NF_HLTH
NO,2007,92.6,I10,G47_NF_HLTH
NO,2008,95.5,I10,G47_NF_HLTH
NO,2009,99.1,I10,G47_NF_HLTH
NO,2010,100.5,I10,G47_NF_HLTH
NO,2011,102.1,I10,G47_NF_HLTH
NO,2012,105.5,I10,G47_NF_HLTH
NO,2013,108.1,I10,G47_NF_HLTH
NO,2014,114.4,I10,G47_NF_HLTH
NO,2015,120.0,I10,G47_NF_HLTH
NO,2016,128.6,I10,G47_NF_HLTH
NO,2017,133.2,I10,G47_NF_HLTH
NO,2018,115.2,I15,G47_NF_HLTH
NO,2019,118.9,I15,G47_NF_HLTH
NO,2020,125.2,I15,G47_NF_HLTH
NO,2021,136.9,I15,G47_NF_HLTH
NO,2022,154.2,I15,G47_NF_HLTH
PL,2000,51.3,I10,G47
PL,2001,54.5,I10,G47
PL,2002,55.1,I10,G47
PL,2003,58.6,I10,G47
PL,2004,64.5,I10,G47
PL,2005,65.9,I10,G47
PL,2006,73.3,I10,G47
PL,2007,82.6,I10,G47
PL,2008,88.2,I10,G47
PL,2009,92.0,I10,G47
PL,2010,100.0,I10,G47
PL,2011,103.7,I10,G47
PL,2012,105.4,I10,G47
PL,2013,110.0,I10,G47
PL,2014,110.1,I10,G47
PL,2015,114.7,I10,G47
PL,2016,119.9,I10,G47
PL,2017,128.4,I10,G47
PL,2018,120.8,I15,G47
PL,2019,128.5,I15,G47
PL,2020,132.9,I15,G47
PL,2021,149.8,I15,G47
PL,2022,182.7,I15,G47
PL,2023,196.9,I15,G47
PL,2024,131.7,I21,G47
PL,2025,136.4,I21,G47
PL,2021,110.9,I15,G476
PL,2022,117.8,I15,G476
PL,2023,106.7,I21,G476
PL,2024,100.3,I21,G476
PL,2025,99.8,I21,G476
PL,2000,41.2,I10,G47_NF_HLTH
PL,2001,48.6,I10,G47_NF_HLTH
PL,2002,48.3,I10,G47_NF_HLTH
PL,2003,53.9,I10,G47_NF_HLTH
PL,2004,57.4,I10,G47_NF_HLTH
PL,2005,65.1,I10,G47_NF_HLTH
PL,2006,73.3,I10,G47_NF_HLTH
PL,2007,75.0,I10,G47_NF_HLTH
PL,2008,79.4,I10,G47_NF_HLTH
PL,2009,83.9,I10,G47_NF_HLTH
PL,2010,100.0,I10,G47_NF_HLTH
PL,2011,104.3,I10,G47_NF_HLTH
PL,2012,107.8,I10,G47_NF_HLTH
PL,2013,118.9,I10,G47_NF_HLTH
PL,2014,122.3,I10,G47_NF_HLTH
PL,2015,138.9,I10,G47_NF_HLTH
PL,2016,138.4,I10,G47_NF_HLTH
PL,2017,154.8,I10,G47_NF_HLTH
PL,2018,115.9,I15,G47_NF_HLTH
PL,2019,119.1,I15,G47_NF_HLTH
PL,2020,121.8,I15,G47_NF_HLTH
PT,2000,86.4,I10,G47
PT,2001,91.5,I10,G47
PT,2002,91.9,I10,G47
PT,2003,91.6,I10,G47
PT,2004,95.2,I10,G47
PT,2005,97.3,I10,G47
PT,2006,99.9,I10,G47
PT,2007,101.7,I10,G47
PT,2008,104.4,I10,G47
PT,2009,99.3,I10,G47
PT,2010,100.0,I10,G47
PT,2011,94.2,I10,G47
PT,2012,89.0,I10,G47
PT,2013,87.0,I10,G47
PT,2014,85.8,I10,G47
PT,2015,85.9,I10,G47
PT,2016,88.0,I10,G47
PT,2017,92.8,I10,G47
PT,2018,113.5,I15,G47
PT,2019,116.9,I15,G47
PT,2020,111.2,I15,G47
PT,2021,119.3,I15,G47
PT,2022,136.2,I15,G47
PT,2023,142.6,I15,G47
PT,2024,123.1,I21,G47
PT,2025,129.8,I21,G47
PT,2005,108.8,I21,G476
PT,2006,103.4,I21,G476
PT,2007,103.7,I21,G476
PT,2008,107.8,I21,G476
PT,2009,110.1,I21,G476
PT,2010,110.5,I21,G476
PT,2011,101.7,I21,G476
PT,2012,96.1,I21,G476
PT,2013,88.9,I21,G476
PT,2014,89.7,I21,G476
PT,2015,94.1,I21,G476
PT,2016,95.6,I21,G476
PT,2017,99.6,I21,G476
PT,2018,100.7,I21,G476
PT,2019,102.8,I21,G476
PT,2020,89.8,I21,G476
PT,2021,100.0,I21,G476
PT,2022,119.8,I21,G476
PT,2023,128.5,I21,G476
PT,2024,130.8,I21,G476
PT,2025,131.9,I21,G476
PT,2000,84.9,I10,G47_NF_HLTH
PT,2001,89.9,I10,G47_NF_HLTH
PT,2002,92.5,I10,G47_NF_HLTH
PT,2003,95.5,I10,G47_NF_HLTH
PT,2004,101.0,I10,G47_NF_HLTH
PT,2005,97.9,I10,G47_NF_HLTH
PT,2006,95.6,I10,G47_NF_HLTH
PT,2007,95.7,I10,G47_NF_HLTH
PT,2008,98.6,I10,G47_NF_HLTH
PT,2009,99.5,I10,G47_NF_HLTH
PT,2010,100.0,I10,G47_NF_HLTH
PT,2011,87.8,I10,G47_NF_HLTH
PT,2012,77.8,I10,G47_NF_HLTH
PT,2013,75.1,I10,G47_NF_HLTH
PT,2014,74.8,I10,G47_NF_HLTH
PT,2015,75.7,I10,G47_NF_HLTH
PT,2016,77.0,I10,G47_NF_HLTH
PT,2017,102.1,I15,G47_NF_HLTH
PT,2018,103.8,I15,G47_NF_HLTH
PT,2019,109.3,I15,G47_NF_HLTH
PT,2020,104.9,I15,G47_NF_HLTH
PT,2021,110.4,I15,G47_NF_HLTH
PT,2022,122.5,I15,G47_NF_HLTH
PT,2023,126.7,I15,G47_NF_HLTH
PT,2024,120.1,I21,G47_NF_HLTH
PT,2025,133.4,I21,G47_NF_HLTH
RO,2000,16.6,I10,G47
RO,2001,22.1,I10,G47
RO,2002,27.5,I10,G47
RO,2003,34.6,I10,G47
RO,2004,43.8,I10,G47
RO,2005,54.8,I10,G47
RO,2006,69.6,I10,G47
RO,2007,86.0,I10,G47
RO,2008,106.2,I10,G47
RO,2009,99.3,I10,G47
RO,2010,100.7,I10,G47
RO,2011,106.2,I10,G47
RO,2012,115.1,I10,G47
RO,2013,116.9,I10,G47
RO,2014,126.0,I10,G47
RO,2015,132.2,I10,G47
RO,2016,146.2,I10,G47
RO,2017,164.5,I10,G47
RO,2018,137.5,I15,G47
RO,2019,151.5,I15,G47
RO,2020,154.6,I15,G47
RO,2021,180.2,I15,G47
RO,2022,215.8,I15,G47
RO,2023,234.4,I15,G47
RO,2024,148.5,I21,G47
RO,2025,156.9,I21,G47
RO,2021,100.0,I21,G476
RO,2022,125.2,I21,G476
RO,2023,144.0,I21,G476
RO,2024,160.9,I21,G476
RO,2025,161.8,I21,G476
RO,2000,6.7,I10,G47_NF_HLTH
RO,2001,10.0,I10,G47_NF_HLTH
RO,2002,15.1,I10,G47_NF_HLTH
RO,2003,18.7,I10,G47_NF_HLTH
RO,2004,27.4,I10,G47_NF_HLTH
RO,2005,35.3,I10,G47_NF_HLTH
RO,2006,40.0,I10,G47_NF_HLTH
RO,2007,52.7,I10,G47_NF_HLTH
RO,2008,81.0,I10,G47_NF_HLTH
RO,2009,81.4,I10,G47_NF_HLTH
RO,2010,100.2,I10,G47_NF_HLTH
RO,2011,95.8,I10,G47_NF_HLTH
RO,2012,102.7,I10,G47_NF_HLTH
RO,2013,109.0,I10,G47_NF_HLTH
RO,2014,129.4,I10,G47_NF_HLTH
RO,2015,124.6,I10,G47_NF_HLTH
RO,2016,122.9,I10,G47_NF_HLTH
RO,2017,124.5,I10,G47_NF_HLTH
RO,2018,111.2,I15,G47_NF_HLTH
RO,2019,123.6,I15,G47_NF_HLTH
RO,2020,131.6,I15,G47_NF_HLTH
RO,2021,146.4,I15,G47_NF_HLTH
RO,2022,169.1,I15,G47_NF_HLTH
RO,2023,200.2,I15,G47_NF_HLTH
RS,2000,8.0,I10,G47
RS,2001,17.6,I10,G47
RS,2002,23.7,I10,G47
RS,2003,28.1,I10,G47
RS,2004,36.2,I10,G47
RS,2005,52.2,I10,G47
RS,2006,63.8,I10,G47
RS,2007,82.5,I10,G47
RS,2008,99.7,I10,G47
RS,2009,91.7,I10,G47
RS,2010,100.1,I10,G47
RS,2011,90.5,I10,G47
RS,2012,96.2,I10,G47
RS,2013,96.1,I10,G47
RS,2014,99.6,I10,G47
RS,2015,100.8,I10,G47
RS,2016,108.1,I10,G47
RS,2017,117.1,I10,G47
RS,2018,124.3,I15,G47
RS,2019,138.6,I15,G47
RS,2020,144.2,I15,G47
RS,2021,167.3,I15,G47
RS,2022,204.0,I15,G47
RS,2023,220.9,I15,G47
RS,2024,144.0,I21,G47
RS,2025,154.4,I21,G47
SE,1991,59.5,I10,G47
SE,1992,54.8,I10,G47
SE,1993,55.9,I10,G47
SE,1994,58.2,I10,G47
SE,1995,59.3,I10,G47
SE,1996,57.9,I10,G47
SE,1997,59.9,I10,G47
SE,1998,61.6,I10,G47
SE,1999,64.2,I10,G47
SE,2000,68.8,I10,G47
SE,2001,72.0,I10,G47
SE,2002,75.5,I10,G47
SE,2003,78.0,I10,G47
SE,2004,80.8,I10,G47
SE,2005,85.5,I10,G47
SE,2006,90.8,I10,G47
SE,2007,92.3,I10,G47
SE,2008,95.5,I10,G47
SE,2009,96.6,I10,G47
SE,2010,100.0,I10,G47
SE,2011,101.1,I10,G47
SE,2012,103.2,I10,G47
SE,2013,104.9,I10,G47
SE,2014,107.0,I10,G47
SE,2015,114.7,I10,G47
SE,2016,117.6,I10,G47
SE,2017,120.8,I10,G47
SE,2018,108.3,I15,G47
SE,2019,111.6,I15,G47
SE,2020,113.1,I15,G47
SE,2021,121.7,I15,G47
SE,2022,129.7,I15,G47
SE,2023,133.0,I15,G47
SE,2024,110.3,I21,G47
SE,2025,114.3,I21,G47
SE,1991,58.7,I15,G476
SE,1992,53.5,I15,G476
SE,1993,53.7,I15,G476
SE,1994,54.6,I15,G476
SE,1995,57.0,I15,G476
SE,1996,54.8,I15,G476
SE,1997,57.2,I15,G476
SE,1998,58.3,I15,G476
SE,1999,60.2,I15,G476
SE,2000,66.8,I15,G476
SE,2001,71.7,I15,G476
SE,2002,75.8,I15,G476
SE,2003,77.9,I15,G476
SE,2004,78.8,I15,G476
SE,2005,78.8,I15,G476
SE,2006,82.7,I15,G476
SE,2007,87.1,I15,G476
SE,2008,88.6,I15,G476
SE,2009,92.8,I15,G476
SE,2010,95.2,I15,G476
SE,2011,92.3,I15,G476
SE,2012,96.3,I15,G476
SE,2013,93.5,I15,G476
SE,2014,93.9,I15,G476
SE,2015,100.0,I15,G476
SE,2016,105.2,I15,G476
SE,2017,105.1,I15,G476
SE,2018,108.3,I15,G476
SE,2019,109.3,I15,G476
SE,2020,112.5,I15,G476
SE,2021,123.1,I15,G476
SE,2022,118.3,I15,G476
SE,2023,118.0,I15,G476
SE,2024,94.2,I21,G476
SE,2025,98.0,I21,G476
SE,1991,52.9,I10,G47_NF_HLTH
SE,1992,55.1,I10,G47_NF_HLTH
SE,1993,52.9,I10,G47_NF_HLTH
SE,1994,54.9,I10,G47_NF_HLTH
SE,1995,56.1,I10,G47_NF_HLTH
SE,1996,62.4,I10,G47_NF_HLTH
SE,1997,58.2,I10,G47_NF_HLTH
SE,1998,62.3,I10,G47_NF_HLTH
SE,1999,70.2,I10,G47_NF_HLTH
SE,2000,75.6,I10,G47_NF_HLTH
SE,2001,80.9,I10,G47_NF_HLTH
SE,2002,87.0,I10,G47_NF_HLTH
SE,2003,89.7,I10,G47_NF_HLTH
SE,2004,91.8,I10,G47_NF_HLTH
SE,2005,96.5,I10,G47_NF_HLTH
SE,2006,102.2,I10,G47_NF_HLTH
SE,2007,108.7,I10,G47_NF_HLTH
SE,2008,114.4,I10,G47_NF_HLTH
SE,2009,99.3,I10,G47_NF_HLTH
SE,2010,100.0,I10,G47_NF_HLTH
SE,2011,102.4,I10,G47_NF_HLTH
SE,2012,103.0,I10,G47_NF_HLTH
SE,2013,107.5,I10,G47_NF_HLTH
SE,2014,111.2,I10,G47_NF_HLTH
SE,2015,118.2,I10,G47_NF_HLTH
SE,2016,120.4,I10,G47_NF_HLTH
SE,2017,122.7,I10,G47_NF_HLTH
SE,2018,110.8,I15,G47_NF_HLTH
SE,2019,112.5,I15,G47_NF_HLTH
SE,2020,115.5,I15,G47_NF_HLTH
SE,2021,119.8,I15,G47_NF_HLTH
SE,2022,124.1,I15,G47_NF_HLTH
SE,2023,138.6,I15,G47_NF_HLTH
SI,2000,45.5,I10,G47
SI,2001,54.1,I10,G47
SI,2002,60.2,I10,G47
SI,2003,65.6,I10,G47
SI,2004,69.4,I10,G47
SI,2005,78.6,I10,G47
SI,2006,83.8,I10,G47
SI,2007,92.8,I10,G47
SI,2008,111.1,I10,G47
SI,2009,96.1,I10,G47
SI,2010,99.6,I10,G47
SI,2011,105.3,I10,G47
SI,2012,108.6,I10,G47
SI,2013,106.8,I10,G47
SI,2014,105.9,I10,G47
SI,2015,103.5,I10,G47
SI,2016,105.9,I10,G47
SI,2017,116.3,I10,G47
SI,2018,121.2,I15,G47
SI,2019,125.0,I15,G47
SI,2020,109.7,I15,G47
SI,2021,136.5,I15,G47
SI,2022,187.3,I15,G47
SI,2023,173.2,I15,G47
SI,2024,118.5,I21,G47
SI,2025,123.2,I21,G47
SK,2000,59.4,I10,G47
SK,2001,64.9,I10,G47
SK,2002,70.4,I10,G47
SK,2003,70.7,I10,G47
SK,2004,78.4,I10,G47
SK,2005,85.6,I10,G47
SK,2006,93.8,I10,G47
SK,2007,100.8,I10,G47
SK,2008,114.5,I10,G47
SK,2009,100.9,I10,G47
SK,2010,100.0,I10,G47
SK,2011,101.3,I10,G47
SK,2012,103.7,I10,G47
SK,2013,105.6,I10,G47
SK,2014,109.2,I10,G47
SK,2015,110.7,I10,G47
SK,2016,111.6,I10,G47
SK,2017,121.0,I10,G47
SK,2018,116.2,I15,G47
SK,2019,117.1,I15,G47
SK,2020,117.0,I15,G47
SK,2021,122.6,I15,G47
SK,2022,144.2,I15,G47
SK,2023,154.0,I15,G47
SK,2024,133.0,I21,G47
SK,2025,135.5,I21,G47
TR,2010,100.0,I10,G47
TR,2011,118.1,I10,G47
TR,2012,133.6,I10,G47
TR,2013,146.6,I10,G47
TR,2014,162.0,I10,G47
TR,2015,172.9,I10,G47
TR,2016,186.7,I10,G47
TR,2017,213.0,I10,G47
TR,2018,155.0,I15,G47
TR,2019,179.0,I15,G47
TR,2020,204.5,I15,G47
TR,2021,290.5,I15,G47
TR,2022,628.7,I15,G47
TR,2023,1166.8,I15,G47
TR,2024,668.8,I21,G47
TR,2025,959.7,I21,G47
TR,2010,17.8,I21,G476
TR,2011,21.1,I21,G476
TR,2012,26.4,I21,G476
TR,2013,29.6,I21,G476
TR,2014,33.1,I21,G476
TR,2015,37.3,I21,G476
TR,2016,41.6,I21,G476
TR,2017,49.4,I21,G476
TR,2018,59.2,I21,G476
TR,2019,68.5,I21,G476
TR,2020,70.2,I21,G476
TR,2021,100.0,I21,G476
TR,2022,224.5,I21,G476
TR,2023,434.5,I21,G476
TR,2024,714.7,I21,G476
TR,2025,976.7,I21,G476
TR,2010,100.3,I10,G47_NF_HLTH
TR,2011,98.5,I10,G47_NF_HLTH
TR,2012,96.8,I10,G47_NF_HLTH
TR,2013,108.3,I10,G47_NF_HLTH
TR,2014,125.1,I10,G47_NF_HLTH
TR,2015,135.8,I10,G47_NF_HLTH
TR,2016,160.5,I10,G47_NF_HLTH
TR,2017,180.7,I10,G47_NF_HLTH
TR,2018,175.4,I15,G47_NF_HLTH
TR,2019,224.9,I15,G47_NF_HLTH
TR,2020,263.4,I15,G47_NF_HLTH
TR,2021,347.7,I15,G47_NF_HLTH
TR,2022,642.6,I15,G47_NF_HLTH
TR,2023,1256.6,I15,G47_NF_HLTH
UK,2000,73.1,I10,G47
UK,2001,76.2,I10,G47
UK,2002,79.4,I10,G47
UK,2003,81.4,I10,G47
UK,2004,85.2,I10,G47
UK,2005,86.3,I10,G47
UK,2006,90.0,I10,G47
UK,2007,93.5,I10,G47
UK,2008,96.2,I10,G47
UK,2009,97.3,I10,G47
UK,2010,99.7,I10,G47
UK,2011,103.3,I10,G47
UK,2012,105.5,I10,G47
UK,2013,108.0,I10,G47
UK,2014,111.8,I10,G47
UK,2015,112.7,I10,G47
UK,2016,116.6,I10,G47
UK,2017,121.3,I10,G47
UK,2018,112.5,I15,G47
UK,2019,116.1,I15,G47
UK,2000,91.9,I10,G47_NF_HLTH
UK,2001,87.4,I10,G47_NF_HLTH
UK,2002,84.8,I10,G47_NF_HLTH
UK,2003,89.6,I10,G47_NF_HLTH
UK,2004,91.6,I10,G47_NF_HLTH
UK,2005,94.4,I10,G47_NF_HLTH
UK,2006,90.6,I10,G47_NF_HLTH
UK,2007,94.6,I10,G47_NF_HLTH
UK,2008,104.6,I10,G47_NF_HLTH
UK,2009,97.3,I10,G47_NF_HLTH
UK,2010,99.4,I10,G47_NF_HLTH
UK,2011,103.4,I10,G47_NF_HLTH
UK,2012,106.0,I10,G47_NF_HLTH
UK,2013,113.7,I10,G47_NF_HLTH
UK,2014,116.8,I10,G47_NF_HLTH
UK,2015,113.8,I10,G47_NF_HLTH
UK,2016,123.3,I10,G47_NF_HLTH
UK,2017,136.7,I10,G47_NF_HLTH
UK,2018,138.8,I15,G47_NF_HLTH
UK,2019,150.3,I15,G47_NF_HLTH
